date,instability,regime,ann_ret_static,ann_vol_static,sharpe_static,dd_static,calmar_static,hhi_static,gs_static,ann_ret_equal,ann_vol_equal,sharpe_equal,dd_equal,calmar_equal,hhi_equal,gs_equal,ann_ret_shrunk,ann_vol_shrunk,sharpe_shrunk,dd_shrunk,calmar_shrunk,hhi_shrunk,gs_shrunk,ann_ret_regime,ann_vol_regime,sharpe_regime,dd_regime,calmar_regime,hhi_regime,gs_regime,ann_ret_minvar,ann_vol_minvar,sharpe_minvar,dd_minvar,calmar_minvar,hhi_minvar,gs_minvar
2012-01-03,1.4111637008961695,equal_weight,0.23490544159050056,0.06395068489996612,3.673227924891622,-0.016376215547282746,14.34430567381471,0.9071389063761226,1.6801512108708876,0.356448725476299,0.08954452266889219,3.9806870912064114,-0.02217427177139042,16.074878541724853,0.1111111111111111,0.0,0.19246924725798858,0.06349373468383787,3.0313108563604625,-0.016714743950808075,11.51493841750915,0.7734374817379277,1.5555555024438483,0.356448725476299,0.08954452266889219,3.9806870912064114,-0.02217427177139042,16.074878541724853,0.1111111111111111,0.0,0.19240139405863743,0.0634925780285698,3.0302973990450104,-0.016714165245294343,11.51127748439639,0.7729449028035998,1.5555539897604125
2012-04-03,-0.542656264259465,shrunk_mv,0.06661252455171171,0.12405234642466027,0.5369710970535085,-0.052939832810706466,1.258268510025217,0.5815928492755315,0.498410936627085,-0.06367950766075438,0.15628351869119006,-0.4074614405539622,-0.08484894934197651,-0.750504374592778,0.1111111111111111,0.0,0.15700484201673776,0.09986615429562767,1.572152678994386,-0.02868437889867481,5.473531170793146,0.731007632390694,0.05979296307080786,0.15102179164679877,0.100130957141921,1.5082427648499102,-0.0286843788986747,5.26494898774944,0.731007632390694,1.5555555555555556,0.15705626217948424,0.09984662937134646,1.572975103599797,-0.028665532326203058,5.4789236213108685,0.7303652649770838,0.0600740636628795
2012-07-03,0.32157421378763235,shrunk_mv,0.183432631657536,0.0971595590772625,1.8879524917529533,-0.024496048538768966,7.488253926637357,0.5270144959898457,0.17152112325615132,0.1931663225980361,0.11003998912055693,1.7554193174847386,-0.02740561102615613,7.048422398379538,0.1111111111111111,0.0,0.09275382908841118,0.09168723627144791,1.0116329476199448,-0.02240081990412679,4.140644382008697,0.6280536379997033,0.17364662165928202,0.09275382908841118,0.09168723627144791,1.0116329476199448,-0.02240081990412679,4.140644382008697,0.6280536379997033,0.17364662165928202,0.09264814621838173,0.09167723898097921,1.0105904938695194,-0.022420744356406286,4.132251130721686,0.627439552687901,0.17391580927713937
2012-10-02,-0.27175306516928666,shrunk_mv,0.06283248788087419,0.11589260826472161,0.5421613062444187,-0.06240784343713068,1.0068043441393915,0.6041379886203363,0.2239317447006723,0.11037922694516299,0.12907836889226215,0.855133419274094,-0.07164015159805659,1.5407453011051038,0.1111111111111111,0.0,-0.0010143044918547537,0.1039003770985082,-0.009762279215724973,-0.0680394599390447,-0.014907591752836522,0.5621766136546889,0.1534328962901894,-0.0010143044918547537,0.1039003770985082,-0.009762279215724973,-0.0680394599390447,-0.014907591752836522,0.5621766136546889,0.1534328962901894,-0.0010403984350759177,0.10389270136093753,-0.010014162895441811,-0.06805537763340785,-0.015287527176473916,0.5617482462485397,0.1534348518221124
2013-01-04,0.044481709560149595,shrunk_mv,0.5028312209616548,0.08226399391676055,6.112409536916581,-0.013947724806140704,36.05112862137024,0.5491883180874498,1.3136676327082701,0.2914499064720254,0.0905734271586193,3.21783016956635,-0.027786465976018193,10.48891596086989,0.1111111111111111,0.0,0.47285299993779606,0.07501306807662815,6.3036083186833824,-0.012124496649258187,38.999804578833924,0.5597650377151344,0.0069063111602834515,0.47285299993779606,0.07501306807662815,6.3036083186833824,-0.012124496649258187,38.999804578833924,0.5597650377151344,0.0069063111602834515,0.47285460519290556,0.07500716397957045,6.304125900849898,-0.012122823982982145,39.00531805598204,0.5595227744355077,0.006390897702536813
2013-04-08,-0.3667025934236636,shrunk_mv,0.10907803846028064,0.14629325221041656,0.7456122330467537,-0.06207536196266106,1.7571873125104314,0.5187223360775536,0.5073074474690512,0.16204846225335115,0.1420269742158142,1.1409696161456886,-0.06078196884456555,2.666061421401945,0.1111111111111111,0.0,-0.03945755258344878,0.13887977760034922,-0.28411301677768214,-0.08054337061619199,-0.48989199584747023,0.5392169472323333,0.06567069918854879,-0.03945755258344878,0.13887977760034922,-0.28411301677768214,-0.08054337061619199,-0.48989199584747023,0.5392169472323333,0.06567069918854879,-0.0395447548957769,0.13887718466116053,-0.284746230939662,-0.08055140437775477,-0.4909257039185484,0.539035469525013,0.06561800640265875
2013-07-08,0.11855085902081458,shrunk_mv,0.1447695221176001,0.09581671531586176,1.5109004899652885,-0.05184175302360339,2.792527522201786,0.38035209481203025,1.0199647440018056,0.15582101284414443,0.09359702634718664,1.6648073013147402,-0.0428409757328283,3.6371957029153625,0.1111111111111111,0.0,-0.02011432687084088,0.09747614249931953,-0.20635128099146205,-0.059791177217794256,-0.33640961437458905,0.5334068241158091,0.021577157674766256,-0.02011432687084088,0.09747614249931953,-0.20635128099146205,-0.059791177217794256,-0.33640961437458905,0.5334068241158091,0.021577157674766256,-0.020105551051413675,0.09748094494641382,-0.20625108899452999,-0.059793686019478653,-0.33624873109284487,0.5333198083623398,0.02126527083938562
2013-10-04,-0.32600785415552397,shrunk_mv,0.32426509999629205,0.12372683636766287,2.620814606725382,-0.023425320618246537,13.84250424063414,0.9999481520458315,0.9800158077739083,0.2900130351644783,0.10180509599593458,2.8487084298418566,-0.018368368413823277,15.788720512934967,0.1111111111111111,0.0,0.19775821577369862,0.10154140726037444,1.9475622911804165,-0.03231573292490064,6.119564616816025,0.42116556731301036,0.21048038532879582,0.19775821577369862,0.10154140726037444,1.9475622911804165,-0.03231573292490064,6.119564616816025,0.42116556731301036,0.21048038532879582,0.1977584950931944,0.10154135004623274,1.947566139342771,-0.03231569070895002,6.119581254638758,0.42116652997909826,0.2104795187142221
2014-01-06,-0.3027734557277508,shrunk_mv,-0.1445772909105804,0.14892647849464022,-0.9707964115715236,-0.07908532774016341,-1.8281177437310785,0.9999588322221276,1.0680456453416401e-05,0.10114740108336476,0.11585261982189327,0.8730696054941557,-0.051416688630843366,1.9672095534890086,0.1111111111111111,0.0,0.23873720339934737,0.09222352671611266,2.588680046190826,-0.030412626015008604,7.849937170224327,0.2949668580220383,0.4317467619600706,0.23873720339934737,0.09222352671611266,2.588680046190826,-0.030412626015008604,7.849937170224327,0.2949668580220383,0.4317467619600706,0.238892356403778,0.09224347386276255,2.5898022526688,-0.030393157602371934,7.860070333236269,0.29478946965396113,0.433575092368977
2014-04-07,-0.005119517795951982,shrunk_mv,0.2658898476854563,0.12517792871180206,2.12409528118664,-0.04306110161217913,6.174710765185202,1.0,1.99999446560814,0.2618969546952848,0.08292259055995056,3.1583305939524537,-0.027787333500543743,9.425048095750533,0.1111111111111111,0.0,0.22761188980669114,0.07857286547256773,2.8968256208774474,-0.018838195120873147,12.08246800429899,0.3190967039186882,0.10779432227375897,0.22761188980669114,0.07857286547256773,2.8968256208774474,-0.018838195120873147,12.08246800429899,0.3190967039186882,0.10779432227375897,0.22763879741608495,0.07859599729801135,2.896315400807882,-0.01885256275171676,12.074687161317396,0.3187716458519018,0.10766029278337237
2014-07-08,-0.35720286617398217,shrunk_mv,0.19547145777861424,0.12200863431483105,1.602111677393419,-0.038473339062984224,5.0806990643211485,1.0,0.0,-0.01827459085272328,0.09456471039061005,-0.1932495830340732,-0.039539970569549276,-0.4621801834824076,0.1111111111111111,0.0,0.06142110420003373,0.08795540976550913,0.6983209374361806,-0.039664715809462625,1.5485073558848186,0.3006577987296329,0.20148190575161495,0.06142110420003373,0.08795540976550913,0.6983209374361806,-0.039664715809462625,1.5485073558848186,0.3006577987296329,0.20148190575161495,0.06148767686025481,0.08797584073572343,0.6989154789092814,-0.03967249733712208,1.5498816809477727,0.3001859223618337,0.20156671412385802
2014-10-06,-0.4037793436456858,shrunk_mv,0.2533490721111709,0.17719668158684176,1.4297619449888392,-0.06996297891723025,3.6211876056749346,1.0,0.0,0.08463717015609884,0.14456813619532827,0.585448304056049,-0.051098172903485506,1.6563639235391443,0.1111111111111111,0.0,0.2507357840305133,0.12082321586947939,2.075228524800841,-0.03971384698506297,6.313560711577982,0.330697923864231,0.17043099725612904,0.2507357840305133,0.12082321586947939,2.075228524800841,-0.03971384698506297,6.313560711577982,0.330697923864231,0.17043099725612904,0.2508251236051333,0.12086231878646084,2.075296305114668,-0.03973333680938107,6.312712290147082,0.32985080056664323,0.1699190008733512
2015-01-06,0.3096181437960157,shrunk_mv,0.28545762826552895,0.15763882903185397,1.8108332193196304,-0.04226758873382108,6.753582042808027,1.0,0.0,0.15911936139521368,0.13205657603099416,1.204933265556331,-0.04022730333074631,3.9555065395993485,0.1111111111111111,0.0,0.08021404499875605,0.12928362427461285,0.620450157155035,-0.0506935273771999,1.5823330738439283,0.36378093830084524,0.17729872950135925,0.08021404499875605,0.12928362427461285,0.620450157155035,-0.0506935273771999,1.5823330738439283,0.36378093830084524,0.17729872950135925,0.08017013845627406,0.1292876010161623,0.6200914691444539,-0.05069518885231272,1.5814151257988003,0.36367306252169673,0.1797315148947088
2015-04-08,-0.08547808601534553,shrunk_mv,0.06826696677392698,0.13072382622903284,0.5222228322350418,-0.039443121788008795,1.7307698701141092,1.0,0.0,-0.08147220622928641,0.10473557740282463,-0.7778847288532653,-0.04197738522358474,-1.9408594841088804,0.1111111111111111,0.0,-0.06272397822197681,0.10359481545899009,-0.6054741054759372,-0.043027933116685624,-1.4577502026852724,0.373476666945299,0.12179549331354877,-0.06272397822197681,0.10359481545899009,-0.6054741054759372,-0.043027933116685624,-1.4577502026852724,0.373476666945299,0.12179549331354877,-0.06272785320058662,0.10359960722214459,-0.6054835040646606,-0.043031767137649,-1.4577103701071406,0.37334406338383613,0.12188233662725166
2015-07-08,-0.02058060144895013,shrunk_mv,-0.3848917684949149,0.24985953657387588,-1.5404325717266112,-0.1700860269776332,-2.2629240939676327,1.0,0.0,-0.1274925648024867,0.2081914772065171,-0.6123812872321353,-0.11870897782141532,-1.0739926090028786,0.1111111111111111,0.0,-0.0014084113804114905,0.18231449210023323,-0.0077251751310980325,-0.09861901887145974,-0.014281336364207975,0.4180937819620768,0.24152979533062277,-0.0014084113804114905,0.18231449210023323,-0.0077251751310980325,-0.09861901887145974,-0.014281336364207975,0.4180937819620768,0.24152979533062277,-0.0014104774247055678,0.1823144770659359,-0.007736508078815125,-0.09861899464687529,-0.014302289632499902,0.4180911315324836,0.24210505579481065
2015-10-06,0.8458177475907868,shrunk_mv,0.16912355031675538,0.15186160375886956,1.1136689336252161,-0.04284212281317301,3.9475996802089743,0.40838848352127816,0.8986608007291462,-0.011287365682958794,0.14256302089254352,-0.07917456863843124,-0.05923996670273812,-0.19053632726699493,0.1111111111111111,0.0,0.11238999534939405,0.13144988566726915,0.8550026101496946,-0.05450492385260741,2.0620154548480767,0.49344559743353045,0.41217842320040937,0.11238999534939405,0.13144988566726915,0.8550026101496946,-0.05450492385260741,2.0620154548480767,0.49344559743353045,0.41217842320040937,0.11227549997566012,0.13143251009127244,0.8542445084377613,-0.05448118371554278,2.0608124185016443,0.49243339036655714,0.4120912518741358
2016-01-06,0.24917166766194565,shrunk_mv,0.09633618454962359,0.15769837549842478,0.6108888835737302,-0.04622686588327862,2.0839869350621654,0.5477800299831638,0.6850015991431744,0.17703476741841437,0.17675490892660087,1.0015833138299413,-0.04656057852294904,3.8022458705309363,0.1111111111111111,0.0,0.3008980565780509,0.12457561546684341,2.415384868462776,-0.026871406165727696,11.197704158921987,0.4869932423548002,0.10513265031543828,0.3008980565780509,0.12457561546684341,2.415384868462776,-0.026871406165727696,11.197704158921987,0.4869932423548002,0.10513265031543828,0.3008700441563235,0.12458364391190778,2.415004367419744,-0.026896944824407187,11.186030462586366,0.4861403876615512,0.10494796521225466
2016-04-07,0.36838350927353813,shrunk_mv,0.1658765966523195,0.12179777474561819,1.3619017013961257,-0.0399837425262487,4.148601060629182,0.9999445264457831,1.8509784956933932,0.1698905028064037,0.1268319276833489,1.3394931852692147,-0.051256952440341785,3.31448700552652,0.1111111111111111,0.0,0.1960053754825687,0.11217170277408092,1.7473691727523537,-0.036540646411401756,5.364036894032867,0.5034499111787383,0.06787662675015997,0.1960053754825687,0.11217170277408092,1.7473691727523537,-0.036540646411401756,5.364036894032867,0.5034499111787383,0.06787662675015997,0.19598849283962197,0.11213889592447343,1.7477298240177255,-0.03653376779026385,5.364584730618788,0.5024506983673629,0.06901220712012311
2016-07-07,-0.16159625777432354,shrunk_mv,-0.23771717869329528,0.11590488636109003,-2.05096770426668,-0.0680775020990142,-3.491861060759125,0.5713766629438309,0.622161900120817,0.086350534737556,0.10321986232903449,0.8365689779966567,-0.033301468331227824,2.592994815684521,0.1111111111111111,0.0,-0.18047592798484222,0.10826174984107188,-1.6670331696077392,-0.05764648043778031,-3.1307362845791715,0.4102367234933479,0.21604371637172268,-0.18047592798484222,0.10826174984107188,-1.6670331696077392,-0.05764648043778031,-3.1307362845791715,0.4102367234933479,0.21604371637172268,-0.180426690368329,0.10826171115064646,-1.6665789636122117,-0.057641863773735924,-3.130132833257537,0.4098608925613747,0.21469600863832572
2016-10-05,-0.3124152610193289,shrunk_mv,0.08659635460986949,0.10023436072515192,0.8639388128320727,-0.033058766296939934,2.6194672188322174,0.31239720116473535,1.0566087866507237,0.22657158013158119,0.08480414493389303,2.671704081306397,-0.02976950686012403,7.610861046377347,0.1111111111111111,0.0,0.06960192663688924,0.10286535136684824,0.6766313993199538,-0.033348057125591746,2.087135882452228,0.38846208095169515,0.10088549761238301,0.06960192663688924,0.10286535136684824,0.6766313993199538,-0.033348057125591746,2.087135882452228,0.38846208095169515,0.10088549761238301,0.06966866939916536,0.10286540137797451,0.6772799062259118,-0.033340888925024625,2.089586440116605,0.3880561924080978,0.10076505819009662
2017-01-05,-0.8810712837001148,shrunk_mv,0.2540369831573524,0.08322710520391022,3.0523347235849445,-0.02032785854163499,12.49698696186027,0.6242393303592608,1.4214485528475507,0.15088364399121618,0.06492617397626135,2.3239263112344037,-0.022511170172885286,6.7026122068481175,0.1111111111111111,0.0,0.21271806914648092,0.056316230778868236,3.7772071426751093,-0.012026667899192045,17.68719905874938,0.3090295944696143,0.2638670477860931,0.21271806914648092,0.056316230778868236,3.7772071426751093,-0.012026667899192045,17.68719905874938,0.3090295944696143,0.2638670477860931,0.2127416910528188,0.0563072281652908,3.7782305750926333,-0.012023932224619283,17.69318780899523,0.30866094700641966,0.26357764352963214
2017-04-06,-1.1186539850328991,shrunk_mv,0.12796483123719155,0.10272213638969052,1.2457376348924383,-0.04702531723148973,2.721190175225485,0.6709246671079223,0.5014902057433824,0.09104667912308045,0.07225860160689389,1.26001164011447,-0.01881052823090079,4.840197893726052,0.1111111111111111,0.0,0.09148037067292437,0.05958511149792864,1.5352890742866951,-0.026888520582336928,3.402209146940492,0.2794697941718113,0.11246928380351129,0.09148037067292437,0.05958511149792864,1.5352890742866951,-0.026888520582336928,3.402209146940492,0.2794697941718113,0.11246928380351129,0.09146292460066288,0.05958246257057328,1.535064524940176,-0.02689231389448976,3.4010805079663915,0.279157238203672,0.11254770603217601
2017-07-07,-0.9792877097212971,shrunk_mv,0.3391423391699671,0.09723305146611297,3.4879326942460795,-0.020094659657181824,16.877237283725666,0.869467229890464,0.27486739246508346,0.21333018199484247,0.059787520966037795,3.5681389451826298,-0.01992235386712371,10.708081154350161,0.1111111111111111,0.0,0.11573079790320553,0.05418961441484735,2.1356638011341262,-0.017849616044780636,6.483657553913946,0.270367089637964,0.07645123345068297,0.11573079790320553,0.05418961441484735,2.1356638011341262,-0.017849616044780636,6.483657553913946,0.270367089637964,0.07645123345068297,0.11577983909624018,0.054182152290603726,2.136863048098566,-0.017853196709360586,6.485104095421511,0.2700613782071965,0.07653035997210364
2017-10-05,-1.1678673071650305,shrunk_mv,0.4230506656794035,0.1122619011610592,3.7684259869469323,-0.03472971895530763,12.181229172162652,1.0,0.14038702907591735,0.27083938234582794,0.05379773856011024,5.0344008799405,-0.009554397630471279,28.34709134169336,0.1111111111111111,0.0,0.14950745632864246,0.05813637556322955,2.5716679940949714,-0.015130524315949967,9.881181458532666,0.2352455811765047,0.18086187048213653,0.14950745632864246,0.05813637556322955,2.5716679940949714,-0.015130524315949967,9.881181458532666,0.2352455811765047,0.18086187048213653,0.1495185115847422,0.05811305740775011,2.5728901258050487,-0.0151063782000177,9.897707419013711,0.23501985095715802,0.18125140135807555
2018-01-05,-1.3582554016778479,shrunk_mv,-0.09450416163088254,0.256920931372803,-0.36783364098020127,-0.1063778621779573,-0.8883818465235606,1.0,0.0,-0.20573355486845116,0.19091167799461667,-1.0776373505776449,-0.1036277631148027,-1.9853130925978961,0.1111111111111111,0.0,-0.18546152472741237,0.16141097582323058,-1.1490019422874984,-0.10004444709478177,-1.8537912909020002,0.2240065644952079,0.1502608374753825,-0.18546152472741237,0.16141097582323058,-1.1490019422874984,-0.10004444709478177,-1.8537912909020002,0.2240065644952079,0.1502608374753825,-0.18535351370055175,0.16140610844360606,-1.1483674037362268,-0.1000215322698681,-1.8531361147362693,0.22391582990966066,0.15019378981948303
2018-04-09,0.45136596220719544,shrunk_mv,0.12745519218371687,0.13343726983498239,0.9551693641614268,-0.05205733630089382,2.448361772623554,0.5868634604489995,1.4168056152428838,0.2287643839078381,0.09331321467194952,2.451575424896448,-0.030332124596740506,7.541983522394641,0.1111111111111111,0.0,0.17897893995848055,0.0828930589265431,2.1591547262972326,-0.03182530776202208,5.62379290396244,0.21357279736769177,0.34697368723390953,0.17897893995848055,0.0828930589265431,2.1591547262972326,-0.03182530776202208,5.62379290396244,0.21357279736769177,0.34697368723390953,0.17900289578976197,0.08289372883734289,2.159426271449412,-0.03182453345947922,5.624682480190275,0.21358216946626354,0.3461366300722917
2018-07-09,-0.6327986879460521,shrunk_mv,0.11916078171881736,0.12060554537392877,0.9880207526890076,-0.047656154844782694,2.5004279532607496,0.999999686932378,1.4168056152428838,0.13828407642549392,0.06536223910075939,2.1156569653668322,-0.016547708346795864,8.35669045691574,0.1111111111111111,0.0,0.15728197985020903,0.05996571904038357,2.622864902933764,-0.016727299899940373,9.402711781999537,0.1983434760320848,0.16293928738409022,0.15728197985020903,0.05996571904038357,2.622864902933764,-0.016727299899940373,9.402711781999537,0.1983434760320848,0.16293928738409022,0.15734468790325493,0.059976800123066394,2.623425851002377,-0.016730360247513953,9.40473998021863,0.19827412805391026,0.1628674744592793
2018-10-05,-1.1824032683162926,shrunk_mv,-0.6331992468128765,0.36480683829765403,-1.7357110128956386,-0.2176237090717602,-2.9096059869289452,0.9999999952307304,3.1306767132994904e-07,-0.4218442217029265,0.2257958998266856,-1.8682545698425965,-0.18012251693586834,-2.341984938246904,0.1111111111111111,0.0,-0.24646819310155646,0.18210714675958592,-1.3534240554926638,-0.13320220771806512,-1.8503311418323436,0.20354660489892845,0.13982457899595419,-0.24646819310155646,0.18210714675958592,-1.3534240554926638,-0.13320220771806512,-1.8503311418323436,0.20354660489892845,0.13982457899595419,-0.24649556717306537,0.1820939181420649,-1.3536727074034178,-0.13319156818647981,-1.8506844729686647,0.2034861788935944,0.13923009716798657
2019-01-08,1.3967843888101346,equal_weight,0.4054084368058491,0.1132532181969202,3.5796637240006812,-0.02884235750418296,14.05600900505631,0.43529410608511154,1.8204677376727445,0.43093896788215835,0.09860027427013163,4.37056561020845,-0.020622163726077614,20.896884226421765,0.1111111111111111,0.0,0.3629218466159121,0.07681825453666309,4.724421933366114,-0.011783191372593538,30.79996200859727,0.2675282876279907,0.30388351612373554,0.42802259192965275,0.09854627260479733,4.343366629869025,-0.02062216372607739,20.75546473275277,0.1111111111111111,0.7290939881263956,0.3629445160226809,0.07681901023173618,4.724670559120767,-0.011782250372877168,30.804345904767228,0.2675659794143038,0.3036494762735594
2019-04-09,-0.5854636100461807,shrunk_mv,0.23231536950282597,0.1783864202444784,1.3023153286244435,-0.10645238336229912,2.182340706381048,0.9959314031010299,1.8163913709201054,0.1403664894614639,0.10763833729191438,1.3040566492660604,-0.06464687500217914,2.171280351242537,0.1111111111111111,0.0,0.21731869573696733,0.08963451672778451,2.4244978795049814,-0.039055060274657216,5.564418393126516,0.28168763035824135,0.12076283960671601,0.21394085884933728,0.08967628146125607,2.3857017191526695,-0.039055060274657216,5.477929296351983,0.28168763035824135,0.9652220615142315,0.21733633666789323,0.08963368475830402,2.424717194812839,-0.03905854118545771,5.5643741438252174,0.2817174775246375,0.12083172944552577
2019-07-10,-0.45973421808923604,shrunk_mv,-0.022329956996059705,0.18937224698667265,-0.1179156785187811,-0.07470699333198094,-0.2989004911070432,0.7444765799478175,0.30074797907867656,-0.11781977374672764,0.14943393215379816,-0.7884405639909611,-0.05989387963704529,-1.9671421263860538,0.1111111111111111,0.0,0.03296965797579412,0.11821301106749206,0.27890041610538585,-0.043409020531784304,0.7595116768795456,0.28579682353628383,0.09591081381586189,0.03296965797579412,0.11821301106749206,0.27890041610538585,-0.043409020531784304,0.7595116768795456,0.28579682353628383,0.09591081381586189,0.03288375392812932,0.11820002868967001,0.27820428042758305,-0.04338813697155475,0.757897347601901,0.2854563070428246,0.09381720417966685
2019-10-08,0.30719941530456835,shrunk_mv,0.26466590088294173,0.06168890479857241,4.290332301199592,-0.01839127438370236,14.39084075204046,0.3807730632822794,1.1682800801051956,0.4038131873371382,0.06432663378427465,6.277542653504352,-0.01826121847678064,22.113156789104277,0.1111111111111111,0.0,0.18291611545105568,0.055170627361650536,3.315461944125034,-0.02065345681354991,8.856440696699824,0.29892264835325594,0.13698934949928754,0.18291611545105568,0.055170627361650536,3.315461944125034,-0.02065345681354991,8.856440696699824,0.29892264835325594,0.13698934949928754,0.18312263561901637,0.05515741905887043,3.3200000787485457,-0.020623245941815416,8.879428395300247,0.2986409371864439,0.1360095565129759
2020-01-08,-1.1531307717413266,shrunk_mv,-0.34881323237457307,0.6486670780211458,-0.5377384550464301,-0.3559828346409314,-0.9798596966800659,0.5020655075364303,0.5333019646449523,-0.8082865112511881,0.6157511002012628,-1.3126838279087016,-0.3938303389464991,-2.0523723830250464,0.1111111111111111,0.0,-0.6127359041264988,0.6120889127142731,-1.0010570219436856,-0.38115016096390486,-1.6075971280634596,0.3016371068424187,0.04119224584493823,-0.6127359041264988,0.6120889127142731,-1.0010570219436856,-0.38115016096390486,-1.6075971280634596,0.3016371068424187,0.04119224584493823,-0.6123581549135366,0.6119406216922776,-1.0006823100256106,-0.38104152283455717,-1.607064107759757,0.30130736518912005,0.040095498482576375
2020-04-08,5.938659975560378,equal_weight,0.494543144307524,0.23493703245835124,2.105002941139962,-0.05202337929902212,9.50617109021251,0.3214724692689154,0.5659314465524807,0.3740243810415106,0.29367936181411713,1.2735807471491558,-0.10232188804912323,3.6553702064405513,0.1111111111111111,0.0,0.2699223510846025,0.2004431400802558,1.346628031154011,-0.060461328571626005,4.4643800832930225,0.4749189038787412,1.4187118591082761,0.37019363695477303,0.29344119636847366,1.2615598679945452,-0.10232188804912334,3.6179320379335467,0.1111111111111111,0.9576860216843761,0.26992333302607147,0.200443129391261,1.3466330018186181,-0.06046127607669938,4.4644002002811645,0.47491150332119897,1.4173521870058923
2020-07-09,2.110615600992422,equal_weight,0.3526805869360563,0.2525215105726845,1.3966358198009532,-0.12172480925054296,2.897359947470882,0.7543542299957594,0.7755497723679794,0.3477424981072539,0.160470713471824,2.16701534244946,-0.08073992968102739,4.306945763775762,0.1111111111111111,0.0,0.3603894423991933,0.12852359047446194,2.8040723190876298,-0.06520463346022698,5.527052653689418,0.5327184833209284,0.11765252492182131,0.3477424981072539,0.160470713471824,2.16701534244946,-0.08073992968102739,4.306945763775762,0.1111111111111111,0.0,0.36038627028355585,0.12852367170587856,2.8040458656385563,-0.06520461715136983,5.527005387470246,0.5327116324246723,0.11764512687070956
2020-10-07,0.2240577325057288,shrunk_mv,0.3319931835411778,0.18106258930147925,1.8335824358967425,-0.09332692962640554,3.557313895037269,0.6097810117519872,0.24466681042685523,0.520496923702372,0.1751082692567523,2.972429148615443,-0.07026561578628343,7.407562260401884,0.1111111111111111,0.0,0.207893624473836,0.12431079709002292,1.6723698129236866,-0.06626443575749064,3.137333353816951,0.5666412481803036,0.0588067402096687,0.20228696638492374,0.1240991989415246,1.6300424830319906,-0.06626443575749053,3.0527229889233194,0.5666412481803036,1.460471262437723,0.20789583029382186,0.12431090649910571,1.672386085410112,-0.06626443721881314,3.1373665727715276,0.5666336883940771,0.05880801287703556
2021-01-07,0.2577782944313871,shrunk_mv,0.3554576048128862,0.23962611303393014,1.4833842618920032,-0.09458520249736935,3.75806781005488,0.999997087516688,0.5314178463372572,0.31731084431893386,0.14061823261670733,2.2565412636343507,-0.04767218872040402,6.656099768776143,0.1111111111111111,0.0,0.13910332279422757,0.11836215665877584,1.175234777068536,-0.05718398504561928,2.4325573442154487,0.5119787224443446,0.09925721592251331,0.13910332279422757,0.11836215665877584,1.175234777068536,-0.05718398504561928,2.4325573442154487,0.5119787224443446,0.09925721592251331,0.13910114936336088,0.11836183923093123,1.1752195662654918,-0.05718382812988587,2.432526011504688,0.5119779071485117,0.09924780813818238
2021-04-09,-0.0004666178382188764,shrunk_mv,0.2649156080573124,0.16453212856524627,1.6101147561113478,-0.0855560970310194,3.0963966011827773,1.0,2.912486295439891e-06,0.1983288791912968,0.11059473955449406,1.7932939666951604,-0.03462454632461809,5.727984919481378,0.1111111111111111,0.0,0.17426320964916409,0.09213270632070572,1.8914370000439302,-0.02470415855124941,7.054003045181668,0.5204266705158331,0.037733725494716285,0.17426320964916409,0.09213270632070572,1.8914370000439302,-0.02470415855124941,7.054003045181668,0.5204266705158331,0.037733725494716285,0.17426532861948413,0.09213342025216285,1.891445342445031,-0.024704401030511414,7.054019581541605,0.5204481408374063,0.03777079123544133
2021-07-09,-0.3046728967593272,shrunk_mv,0.042059827829573404,0.14978731488540567,0.2807969944701335,-0.07267306545686902,0.5787540069372143,1.0,0.0,0.04987220088096349,0.11650558305537573,0.4280670468578228,-0.04281958297623922,1.1647054318263164,0.1111111111111111,0.0,0.011120797063894104,0.09165154081883849,0.12133780801215163,-0.05759846968886717,0.19307452305531597,0.5104824270736747,0.020863328185459787,0.011120797063894104,0.09165154081883849,0.12133780801215163,-0.05759846968886717,0.19307452305531597,0.5104824270736747,0.020863328185459787,0.011119909320428691,0.09165166611131868,0.12132795607799014,-0.057599014193950415,0.1930572853727175,0.5104722716229815,0.020918397440166395
2021-10-07,-0.31638140096099154,shrunk_mv,0.38133278959404876,0.20797590380935405,1.8335431298022213,-0.05259303847383778,7.2506324156141195,1.0,0.0,0.33522452284238474,0.12658958538268833,2.648120868940204,-0.04556846468955911,7.356502465600804,0.1111111111111111,0.0,0.3699742775826378,0.09963023386777259,3.71347394480335,-0.03835571716915198,9.645870417466572,0.5018838084853516,0.030590059016153623,0.3699742775826378,0.09963023386777259,3.71347394480335,-0.03835571716915198,9.645870417466572,0.5018838084853516,0.030590059016153623,0.3699707007008691,0.0996299929962296,3.713447021067946,-0.03835537890666452,9.645862229680231,0.5018719886279274,0.03059232584371515
2022-01-06,-0.24233059164327386,shrunk_mv,-0.3459227359037837,0.30776649274657175,-1.1239778990126499,-0.1748160081986463,-1.9787818030412068,0.6444751518829499,0.46244695923491824,0.039358988244427656,0.15944471385192013,0.2468503802577063,-0.07585891802274536,0.5188445771481521,0.1111111111111111,0.0,0.06900214460259091,0.14980664080871564,0.46060804935008204,-0.07639570638223636,0.9032201922101133,0.49111442025498087,0.026025307055254205,0.06900214460259091,0.14980664080871564,0.46060804935008204,-0.07639570638223636,0.9032201922101133,0.49111442025498087,0.026025307055254205,0.06900533744586038,0.14980677688436003,0.46062894403720794,-0.07639495128872342,0.9032709136113577,0.49110443808521964,0.02602484246824543
2022-04-07,0.07584432310689933,shrunk_mv,-0.4819407286543518,0.35269987447376633,-1.3664329463496827,-0.1824695331646039,-2.641212043983244,0.5072990174077164,1.1208090591087814,-0.5277708491408883,0.25344075212019784,-2.0824229912740537,-0.17007882666653895,-3.1030955439012398,0.1111111111111111,0.0,-0.3219846431335428,0.21530205755813836,-1.4955019324262462,-0.15592396392741203,-2.0650106309729126,0.43833291529896135,0.1518192059515096,-0.3219846431335428,0.21530205755813836,-1.4955019324262462,-0.15592396392741203,-2.0650106309729126,0.43833291529896135,0.1518192059515096,-0.3219743364897302,0.2153046609857463,-1.4954359790243728,-0.155923094225213,-2.0649560482982414,0.43842416270398,0.15172856887176076
2022-07-11,1.0047442361152579,equal_weight,0.4924258722487687,0.3159766511127151,1.5584248725805714,-0.15763596824873383,3.123816713402425,0.7091853845088897,0.8791768578479608,-0.1087222071275471,0.21415595944524476,-0.5076777102499691,-0.14724434285833132,-0.7383795194913013,0.1111111111111111,0.0,-0.2702483305259963,0.1687869747085335,-1.6011207677172328,-0.12193293640844305,-2.216368591507843,0.34430180327171017,0.3456985555776897,-0.11392616207400397,0.21435685185498632,-0.5314789851041276,-0.147244342858331,-0.7737218276943677,0.1111111111111111,1.3009887366142228,-0.27025164949170144,0.16878484145025457,-1.6011606680411041,-0.12193250159044067,-2.2164037148967077,0.3443330015188268,0.3458002962620283
2022-10-07,1.30942947868733,equal_weight,0.2975876225346112,0.30100245425611666,0.9886551366169265,-0.12342349856422363,2.411109926362693,1.0,0.35049429334116106,0.38799724884406667,0.21096043965985217,1.8391943507022674,-0.05723390634716796,6.779150220684971,0.1111111111111111,0.0,0.4484519905878335,0.15924028235030363,2.816196906768286,-0.0338090522415081,13.264257968085229,0.3775641518491692,0.1341559103256081,0.38799724884406667,0.21096043965985217,1.8391943507022674,-0.05723390634716796,6.779150220684971,0.1111111111111111,0.0,0.4483872111315293,0.15924683549144397,2.8156742314394076,-0.03380257607259651,13.264882835217797,0.37722404046276514,0.13362219020631366
2023-01-09,0.8237320536518178,shrunk_mv,0.0056090447962949055,0.2871149452567255,0.019535885849758,-0.1784327842208835,0.031435057300632716,1.0,0.0,0.07567386674395228,0.14692611295279917,0.5150470887926024,-0.07355383204622401,1.0288228993480035,0.1111111111111111,0.0,0.026771610893244355,0.11826180125951673,0.22637580865605156,-0.06929645181695199,0.3863345119597482,0.3683191066642318,0.10656756257451272,0.022360321135529396,0.11818629004234239,0.18919555836398963,-0.06929645181695177,0.3226762777781858,0.3683191066642318,1.2093900020032522,0.02674107298989241,0.11827442316923478,0.2260934551473528,-0.06932125277287471,0.38575576638101594,0.3680076773998799,0.10673168780918402
2023-04-11,-0.07619335495953439,shrunk_mv,-0.08271316257273266,0.2180937554290388,-0.37925507041692924,-0.1231946624706517,-0.671402160726218,0.9512986057408483,0.04994883743995297,0.19336158838865491,0.11349022932670486,1.703772999101306,-0.03704574398060412,5.21953583898578,0.1111111111111111,0.0,-0.08968791381833359,0.08978652346658568,-0.9989017321927072,-0.06294347520198085,-1.4248961235542186,0.3967420258133007,0.06988916206443428,-0.08968791381833359,0.08978652346658568,-0.9989017321927072,-0.06294347520198085,-1.4248961235542186,0.3967420258133007,0.06988916206443428,-0.089693484600065,0.08978640336149057,-0.9989651132248669,-0.06294315632129344,-1.424991847282403,0.39678436817723217,0.07138406220710969
2023-07-12,-0.4438322823239283,shrunk_mv,0.17924902179510027,0.1738124606134193,1.0312783166551711,-0.08056853302319056,2.2248018558747478,0.7928477312566653,0.2346845395078061,-0.15066555166602555,0.09801977885457341,-1.5370933644888118,-0.082480261781262,-1.8266861478397247,0.1111111111111111,0.0,-0.17325814701862882,0.08862132155661237,-1.9550390806116498,-0.08884711689037705,-1.9500705603356978,0.3991989045137859,0.028577371768824498,-0.17325814701862882,0.08862132155661237,-1.9550390806116498,-0.08884711689037705,-1.9500705603356978,0.3991989045137859,0.028577371768824498,-0.1732747633763884,0.08862170613085117,-1.9552180943181776,-0.08884917431279837,-1.9502124214048981,0.3992434832963571,0.028579181789896383
2023-10-10,-0.5565353097973316,shrunk_mv,-0.29887610325871505,0.19195728101253154,-1.556992793824807,-0.11938560925782682,-2.503451673251992,1.0,0.2346897211132679,0.3031298765741845,0.11493407223536568,2.637423965570674,-0.05353781006957525,5.661977510478127,0.1111111111111111,0.0,0.27253275346571965,0.10828635145114843,2.5167784288001265,-0.037240755961861716,7.318131612172982,0.41025937455873746,0.06475960204361139,0.27253275346571965,0.10828635145114843,2.5167784288001265,-0.037240755961861716,7.318131612172982,0.41025937455873746,0.06475960204361139,0.2725403215418472,0.10828501263402589,2.5168794361502265,-0.037261420568527104,7.314276197296908,0.4099525771637892,0.06585310607404468
2024-01-10,-0.26832091963412974,shrunk_mv,0.593520225112531,0.11121805218075385,5.336545762804134,-0.02452370003746407,24.20190363631219,0.5506479956402675,0.5721110600407042,0.27604087578616265,0.09207005687271945,2.9981612389766443,-0.01701432513077028,16.224027321950302,0.1111111111111111,0.0,0.13606716131161167,0.08246589234838608,1.6499810701954358,-0.028781333442396417,4.727618391411205,0.4145065310154628,0.03905886862030724,0.13606716131161167,0.08246589234838608,1.6499810701954358,-0.028781333442396417,4.727618391411205,0.4145065310154628,0.03905886862030724,0.1359910137696328,0.08246130792665121,1.6491493670048976,-0.028790835312141883,4.723413277011858,0.4141740354666734,0.038953338379228826
2024-04-11,-0.5748712602741927,shrunk_mv,0.10467279815659616,0.1155843649066732,0.9055965159397864,-0.03905023060143986,2.6804655579354417,0.3405434424238093,1.131951895528483,0.16159403982870654,0.0879223284707992,1.83791811066941,-0.027325637130509284,5.91364216164188,0.1111111111111111,0.0,0.17709479654195254,0.0837159336345625,2.1154252106296543,-0.03152455546348354,5.617677836792663,0.45203382913579104,0.11263937577141664,0.17709479654195254,0.0837159336345625,2.1154252106296543,-0.03152455546348354,5.617677836792663,0.45203382913579104,0.11263937577141664,0.17711081638114562,0.08370452102460306,2.1159050217740076,-0.031526247808916774,5.617884419821512,0.4518527447467233,0.11283740644041373
2024-07-12,-0.8889942492592255,shrunk_mv,-0.05603311538285333,0.30494429602286044,-0.18374869152710024,-0.16201127232239143,-0.34585936262108496,1.0,1.1971207206409358,0.206478077243381,0.12563426389741567,1.6434853903547908,-0.05665620464156307,3.6444036191564515,0.1111111111111111,0.0,0.17345592762262887,0.09407238352238555,1.8438559875689038,-0.02799456545989798,6.196057155132602,0.44566296340645384,0.022149634184224998,0.17345592762262887,0.09407238352238555,1.8438559875689038,-0.02799456545989798,6.196057155132602,0.44566296340645384,0.022149634184224998,0.17346073518396088,0.09406997327732465,1.8439543367636226,-0.027994775582949938,6.196182379458193,0.4457139523477499,0.02367394620572849
