Date,0
2015-04-01,0.4308643878820751
2015-04-02,0.4152853590798802
2015-04-06,0.41300913005593776
2015-04-07,0.4123300364768355
2015-04-08,0.3957993216253737
2015-04-09,0.3910255299544317
2015-04-10,0.3861538612627816
2015-04-13,0.3857952269630706
2015-04-14,0.38863304997958115
2015-04-15,0.38378895150205705
2015-04-16,0.3781759836096955
2015-04-17,0.38004761019841266
2015-04-20,0.38974250603275473
2015-04-21,0.3724688465141509
2015-04-22,0.368951926059081
2015-04-23,0.36967714174080546
2015-04-24,0.3501602710441721
2015-04-27,0.34270463433524107
2015-04-28,0.3429633245823558
2015-04-29,0.35213132816784376
2015-04-30,0.335251476350021
2015-05-01,0.3273558935278898
2015-05-04,0.3293587402143364
2015-05-05,0.3208611639609877
2015-05-06,0.33275728869828575
2015-05-07,0.3345773521166855
2015-05-08,0.33092826952160664
2015-05-11,0.33678331756281765
2015-05-12,0.3334903713066673
2015-05-13,0.33705206051258335
2015-05-14,0.3377751825572005
2015-05-15,0.3496690511748532
2015-05-18,0.3531606542962032
2015-05-19,0.35127901661549027
2015-05-20,0.3547405778906844
2015-05-21,0.35504152952499496
2015-05-22,0.35674740216396444
2015-05-26,0.3632251130587726
2015-05-27,0.3748073943357248
2015-05-28,0.38061863182431743
2015-05-29,0.37977506228890967
2015-06-01,0.3800920543608918
2015-06-02,0.3818569334379515
2015-06-03,0.3717484581665244
2015-06-04,0.37208966211467376
2015-06-05,0.3549247572969748
2015-06-08,0.35303452518320966
2015-06-09,0.35573178718999454
2015-06-10,0.3533525810288884
2015-06-11,0.35094345944879135
2015-06-12,0.3525681904871524
2015-06-15,0.3528121783122313
2015-06-16,0.3504836214612561
2015-06-17,0.3496533820766358
2015-06-18,0.35313749301063524
2015-06-19,0.3587338022683931
2015-06-22,0.3536771346376994
2015-06-23,0.3551252904265853
2015-06-24,0.3554036964086477
2015-06-25,0.3416109858927776
2015-06-26,0.32407597110599917
2015-06-29,0.32971250227429616
2015-06-30,0.37465422970479606
2015-07-01,0.36988013295104105
2015-07-02,0.36986975339603206
2015-07-06,0.3720725706284478
2015-07-07,0.37002580250090505
2015-07-08,0.362971205611435
2015-07-09,0.383896058052627
2015-07-10,0.38468189396096514
2015-07-13,0.40355571472180946
2015-07-14,0.4184718040895322
2015-07-15,0.40693621683502956
2015-07-16,0.3970198713335207
2015-07-17,0.39821575099941997
2015-07-20,0.37058016573100416
2015-07-21,0.3746993481201852
2015-07-22,0.4090886350592755
2015-07-23,0.4008941904549176
2015-07-24,0.4064816240181199
2015-07-27,0.40081722939114306
2015-07-28,0.40282321463864196
2015-07-29,0.4001805180391817
2015-07-30,0.4041047884348809
2015-07-31,0.39000519625816765
2015-08-03,0.3771099522655358
2015-08-04,0.3721277799666213
2015-08-05,0.36926783492677356
2015-08-06,0.3703572953156123
2015-08-07,0.3632566249406047
2015-08-10,0.3527607263474098
2015-08-11,0.35369944854763136
2015-08-12,0.3538430700899885
2015-08-13,0.35016021622582455
2015-08-14,0.3498546705687208
2015-08-17,0.35128493438763647
2015-08-18,0.3515926088561077
2015-08-19,0.35258292192986934
2015-08-20,0.3542682491217451
2015-08-21,0.3744628054098417
2015-08-24,0.4507215711799315
2015-08-25,0.5252432558755645
2015-08-26,0.5231800068512068
2015-08-27,0.5884350933049883
2015-08-28,0.6047014626972836
2015-08-31,0.5993812297178673
2015-09-01,0.5973132297634036
2015-09-02,0.6178347759291677
2015-09-03,0.6248013239044746
2015-09-04,0.6207938911222366
2015-09-08,0.6257939356235223
2015-09-09,0.6368735694629457
2015-09-10,0.6394238399545394
2015-09-11,0.6396975820519542
2015-09-14,0.640658729192875
2015-09-15,0.6382611520515254
2015-09-16,0.6415710065836743
2015-09-17,0.6412635881962536
2015-09-18,0.6380855099517929
2015-09-21,0.639910179628303
2015-09-22,0.6412722889368095
2015-09-23,0.642732640940775
2015-09-24,0.6348966393007014
2015-09-25,0.6261153800103606
2015-09-28,0.6156678650088621
2015-09-29,0.6195692134277415
2015-09-30,0.6165134273555818
2015-10-01,0.6277022762127776
2015-10-02,0.6222717494522049
2015-10-05,0.6243029132058076
2015-10-06,0.6264916938347881
2015-10-07,0.6172283541863766
2015-10-08,0.6161184815246489
2015-10-09,0.617095728169778
2015-10-12,0.6148154628389256
2015-10-13,0.6337967702750523
2015-10-14,0.6340632434823845
2015-10-15,0.6272877041336937
2015-10-16,0.6326394461176928
2015-10-19,0.6331998026101835
2015-10-20,0.6400617410396582
2015-10-21,0.6367815333021478
2015-10-22,0.6373015239675947
2015-10-23,0.6360814523263838
2015-10-26,0.6273509126162707
2015-10-27,0.6296790771444148
2015-10-28,0.6298986495192289
2015-10-29,0.6260662367482552
2015-10-30,0.6250444788875537
2015-11-02,0.6249543042024425
2015-11-03,0.6372511616462782
2015-11-04,0.6347372199781709
2015-11-05,0.6379911335499951
2015-11-06,0.6371171078736484
2015-11-09,0.6168803341220644
2015-11-10,0.6190623048656598
2015-11-11,0.6177490496482878
2015-11-12,0.6167897824601394
2015-11-13,0.6200351345158999
2015-11-16,0.6139492994652425
2015-11-17,0.5909040760618763
2015-11-18,0.5470506664293985
2015-11-19,0.5506984744722511
2015-11-20,0.5006442047591352
2015-11-23,0.47904931392238076
2015-11-24,0.47949153886932017
2015-11-25,0.4807172900863356
2015-11-27,0.4400347086194317
2015-11-30,0.4308124978908295
2015-12-01,0.42909566815317235
2015-12-02,0.4175278144081148
2015-12-03,0.3983596239253393
2015-12-04,0.39657566186952337
2015-12-07,0.40848206185835395
2015-12-08,0.4125907962671282
2015-12-09,0.4138290841921183
2015-12-10,0.40830620529505185
2015-12-11,0.4069090690592189
2015-12-14,0.4244750576699014
2015-12-15,0.4140906156217711
2015-12-16,0.41627780618616167
2015-12-17,0.4127725749254775
2015-12-18,0.4255824488018722
2015-12-21,0.4497849016240278
2015-12-22,0.45926108845748714
2015-12-23,0.4443454364369533
2015-12-24,0.449856787666095
2015-12-28,0.4443569477739541
2015-12-29,0.44442526357731715
2015-12-30,0.44490023091331776
2015-12-31,0.43789187518413686
2016-01-04,0.4508395894482379
2016-01-05,0.45606563304891606
2016-01-06,0.45628829795093695
2016-01-07,0.4663205277230784
2016-01-08,0.4934013192278322
2016-01-11,0.49684807504256784
2016-01-12,0.4996744723664764
2016-01-13,0.497953655092923
2016-01-14,0.5092633078313267
2016-01-15,0.5150837703369429
2016-01-19,0.5361384589448579
2016-01-20,0.5269731088103546
2016-01-21,0.5205676832407602
2016-01-22,0.5267749850400644
2016-01-25,0.5446981845315783
2016-01-26,0.5476531484433665
2016-01-27,0.5500751157307531
2016-01-28,0.5372491681286127
2016-01-29,0.5373832037527552
2016-02-01,0.5342214924800855
2016-02-02,0.5346073542678147
2016-02-03,0.5436484526132835
2016-02-04,0.5329081172537443
2016-02-05,0.5426942408458519
2016-02-08,0.5383255413913265
2016-02-09,0.5235455911112948
2016-02-10,0.5207530297905255
2016-02-11,0.5127971644236669
2016-02-12,0.5051073793846164
2016-02-16,0.4980401822847835
2016-02-17,0.503590124593341
2016-02-18,0.5007800646171242
2016-02-19,0.5012219056037708
2016-02-22,0.5045083872076881
2016-02-23,0.5135234323016887
2016-02-24,0.5166476963359933
2016-02-25,0.519438131026137
2016-02-26,0.5215943184727443
2016-02-29,0.5155379193184132
2016-03-01,0.5121535651013099
2016-03-02,0.52796078172851
2016-03-03,0.524743852545306
2016-03-04,0.5156131121215591
2016-03-07,0.5146192663455281
2016-03-08,0.5114317712095093
2016-03-09,0.5094244593947475
2016-03-10,0.5073439073235195
2016-03-11,0.5005946473509932
2016-03-14,0.502348017259232
2016-03-15,0.49962078921878983
2016-03-16,0.49527378733861566
2016-03-17,0.4878629142273257
2016-03-18,0.47754349281964426
2016-03-21,0.4732391385023659
2016-03-22,0.4709360164773795
2016-03-23,0.46655163998337373
2016-03-24,0.4642953590869554
2016-03-28,0.46481560392115306
2016-03-29,0.46069908240187657
2016-03-30,0.45979662226312407
2016-03-31,0.45605240655304863
2016-04-01,0.4509810036909007
2016-04-04,0.45269849644315446
2016-04-05,0.44582216068246533
2016-04-06,0.4229978067565952
2016-04-07,0.4202167889660451
2016-04-08,0.42742079309847986
2016-04-11,0.4265540291050114
2016-04-12,0.40953578723898487
2016-04-13,0.4102925604991323
2016-04-14,0.38143818090386755
2016-04-15,0.3886405117379285
2016-04-18,0.38553521463841783
2016-04-19,0.3879804896654849
2016-04-20,0.3747325799227033
2016-04-21,0.3518153285673715
2016-04-22,0.349707153551807
2016-04-25,0.34260508429982484
2016-04-26,0.33922209970242173
2016-04-27,0.3311763535313673
2016-04-28,0.32219651137376054
2016-04-29,0.3002751863125166
2016-05-02,0.3059738017416977
2016-05-03,0.3163568885221122
2016-05-04,0.3035201768482959
2016-05-05,0.3203897219611709
2016-05-06,0.32310461470945917
2016-05-09,0.32327648401675346
2016-05-10,0.3183677793063278
2016-05-11,0.3199447049695932
2016-05-12,0.31242018591284554
2016-05-13,0.2986425339785183
2016-05-16,0.2984208153376798
2016-05-17,0.30367685860770016
2016-05-18,0.29750022952427874
2016-05-19,0.27392975561672467
2016-05-20,0.2748264698152829
2016-05-23,0.2686668609597028
2016-05-24,0.27263443503174795
2016-05-25,0.27318269113547106
2016-05-26,0.2327632025158589
2016-05-27,0.233616022229693
2016-05-31,0.23662172402346698
2016-06-01,0.23808781595064887
2016-06-02,0.24530205918808254
2016-06-03,0.23537149175691197
2016-06-06,0.2357838466801081
2016-06-07,0.23981233156292264
2016-06-08,0.224426479753946
2016-06-09,0.2244000979098314
2016-06-10,0.22352111050940238
2016-06-13,0.2365478916153164
2016-06-14,0.24176836536101512
2016-06-15,0.2425528804485268
2016-06-16,0.24519720398255834
2016-06-17,0.2457015038599682
2016-06-20,0.24963107930010056
2016-06-21,0.2543110063898265
2016-06-22,0.25378589454837935
2016-06-23,0.2522379400724134
2016-06-24,0.2674766317915137
2016-06-27,0.3691532268691804
2016-06-28,0.3740671891723947
2016-06-29,0.3913699020235609
2016-06-30,0.40636891763094657
2016-07-01,0.4117855883098562
2016-07-05,0.40374265993919806
2016-07-06,0.4003593580134429
2016-07-07,0.4029868257475877
2016-07-08,0.3952685871055089
2016-07-11,0.4057188692704095
2016-07-12,0.406944058153703
2016-07-13,0.4063512175519166
2016-07-14,0.40608153292034876
2016-07-15,0.40643548691244114
2016-07-18,0.4295481604912433
2016-07-19,0.4260794286148333
2016-07-20,0.44667881300331075
2016-07-21,0.4414576299079587
2016-07-22,0.4518105811279856
2016-07-25,0.4646537709771085
2016-07-26,0.45831999417537816
2016-07-27,0.46558077692849487
2016-07-28,0.44954258846335754
2016-07-29,0.4527223715073931
2016-08-01,0.4472846417969039
2016-08-02,0.4382297962177524
2016-08-03,0.4360325262939248
2016-08-04,0.43229801644125027
2016-08-05,0.4239117779917954
2016-08-08,0.42616454323764713
2016-08-09,0.42658155953545235
2016-08-10,0.44360743661812546
2016-08-11,0.43887061984601594
2016-08-12,0.4356234482158234
2016-08-15,0.4429332379371645
2016-08-16,0.4421992290453522
2016-08-17,0.4430665992854928
2016-08-18,0.4422563019788527
2016-08-19,0.4350677369983542
2016-08-22,0.43250655796213583
2016-08-23,0.43495534003833053
2016-08-24,0.4350353895481836
2016-08-25,0.4378958911403367
2016-08-26,0.4382498480988396
2016-08-29,0.4399835680729291
2016-08-30,0.446739649014241
2016-08-31,0.44446799408471144
2016-09-01,0.45054591184536547
2016-09-02,0.4511856819163831
2016-09-06,0.45485260243871983
2016-09-07,0.4478629814345737
2016-09-08,0.44391373091599207
2016-09-09,0.4433902814123836
2016-09-12,0.4785894485579967
2016-09-13,0.49049727393886916
2016-09-14,0.5045799738034475
2016-09-15,0.5014555092314853
2016-09-16,0.5072223174126647
2016-09-19,0.5021379504036115
2016-09-20,0.49232043010823257
2016-09-21,0.39329747439390716
2016-09-22,0.3845796851285148
2016-09-23,0.36162987867927204
2016-09-26,0.34062065948108144
2016-09-27,0.3382688125323425
2016-09-28,0.3453522779310171
2016-09-29,0.3517092638392865
2016-09-30,0.35418056735952846
2016-10-03,0.3682497088599298
2016-10-04,0.35337116009922226
2016-10-05,0.3513917089127672
2016-10-06,0.3520847468259945
2016-10-07,0.3540418702343412
2016-10-10,0.35264394457386117
2016-10-11,0.35366311413801904
2016-10-12,0.3699572524449628
2016-10-13,0.37480290695348023
2016-10-14,0.3910274134040717
2016-10-17,0.3878317983589906
2016-10-18,0.38730738583806407
2016-10-19,0.37208716440721507
2016-10-20,0.3770083705101658
2016-10-21,0.3906001650823401
2016-10-24,0.383502684445108
2016-10-25,0.38973272439232126
2016-10-26,0.3936348534535118
2016-10-27,0.3837153216608164
2016-10-28,0.3860072888137912
2016-10-31,0.3700362710193499
2016-11-01,0.3637522600969772
2016-11-02,0.3651639141090832
2016-11-03,0.3685069287229501
2016-11-04,0.3697637872830994
2016-11-07,0.36718433528369465
2016-11-08,0.41862655177825825
2016-11-09,0.4193385306926093
2016-11-10,0.37928600136590224
2016-11-11,0.3330210079270497
2016-11-14,0.3091823266309942
2016-11-15,0.2928291834744855
2016-11-16,0.29252610539366275
2016-11-17,0.2878650739730714
2016-11-18,0.2855761533938337
2016-11-21,0.284450693880184
2016-11-22,0.28808569895644465
2016-11-23,0.28502742244886276
2016-11-25,0.2848456012123229
2016-11-28,0.2835251256271416
2016-11-29,0.28451480807999885
2016-11-30,0.2811309903380085
2016-12-01,0.27116177136373454
2016-12-02,0.266572050139242
2016-12-05,0.26631489495990723
2016-12-06,0.22921941620265407
2016-12-07,0.21698502904348987
2016-12-08,0.20507734964405902
2016-12-09,0.20600713213259436
2016-12-12,0.20459978551928276
2016-12-13,0.1976584665324977
2016-12-14,0.19719613233810251
2016-12-15,0.20106236379902626
2016-12-16,0.1974380024547978
2016-12-19,0.194074498338757
2016-12-20,0.18778908211144976
2016-12-21,0.17831867951534017
2016-12-22,0.17698201587846996
2016-12-23,0.1764091357423351
2016-12-27,0.16950132311721874
2016-12-28,0.16126802280726024
2016-12-29,0.16696960157246918
2016-12-30,0.16616823277675719
2017-01-03,0.16686842197702453
2017-01-04,0.16933490762742168
2017-01-05,0.16880780499448203
2017-01-06,0.16521082370805684
2017-01-09,0.15153651247833833
2017-01-10,0.15477511510873374
2017-01-11,0.15003588357182918
2017-01-12,0.14984617152469348
2017-01-13,0.15065596199988324
2017-01-17,0.1528190306948007
2017-01-18,0.15233232905663277
2017-01-19,0.15022628117658482
2017-01-20,0.1558340043056025
2017-01-23,0.15558607343422284
2017-01-24,0.15670210738145174
2017-01-25,0.16298132359342787
2017-01-26,0.16823996767587346
2017-01-27,0.174173670428622
2017-01-30,0.17214859300168803
2017-01-31,0.18018624496135519
2017-02-01,0.17358528731266165
2017-02-02,0.16617330554048723
2017-02-03,0.1611625709413778
2017-02-06,0.11653795692851247
2017-02-07,0.1152423026289177
2017-02-08,0.11092693958006554
2017-02-09,0.13260648857042356
2017-02-10,0.1364577685771627
2017-02-13,0.1455470275714589
2017-02-14,0.14400835338041107
2017-02-15,0.1464983824237083
2017-02-16,0.1494273250259762
2017-02-17,0.1476395233531771
2017-02-21,0.13963817196118247
2017-02-22,0.1459887627151686
2017-02-23,0.1495878979563264
2017-02-24,0.14659525775630095
2017-02-27,0.1430179007735415
2017-02-28,0.14583079389045037
2017-03-01,0.16237205954623257
2017-03-02,0.1945298523917947
2017-03-03,0.20214235943009132
2017-03-06,0.20298424703250703
2017-03-07,0.20517104136066508
2017-03-08,0.19854299459658964
2017-03-09,0.20143383168389523
2017-03-10,0.18922661632090748
2017-03-13,0.19541489711803858
2017-03-14,0.19110486195341594
2017-03-15,0.18751066277786993
2017-03-16,0.19199334201985166
2017-03-17,0.19601081101586887
2017-03-20,0.19885337073934337
2017-03-21,0.19718548125827676
2017-03-22,0.2093506184710548
2017-03-23,0.208735724564743
2017-03-24,0.2100010122034562
2017-03-27,0.21109447667148268
2017-03-28,0.19978486459229977
2017-03-29,0.20579582493679358
2017-03-30,0.20028761777748857
2017-03-31,0.19369662585189326
2017-04-03,0.19746942661163108
2017-04-04,0.19970037663786241
2017-04-05,0.19896318171070107
2017-04-06,0.19805820791820777
2017-04-07,0.19698270430335865
2017-04-10,0.20140253736295782
2017-04-11,0.19952059443195383
2017-04-12,0.20059778468128395
2017-04-13,0.20344403274648235
2017-04-17,0.21816916329833072
2017-04-18,0.22785653074583076
2017-04-19,0.22138325939596287
2017-04-20,0.22718335397091385
2017-04-21,0.22954084553838905
2017-04-24,0.22307254491901793
2017-04-25,0.24423630534344423
2017-04-26,0.25303964325473466
2017-04-27,0.2428340732911784
2017-04-28,0.2454626801106437
2017-05-01,0.25734355858273517
2017-05-02,0.25421675597842186
2017-05-03,0.2649751003213111
2017-05-04,0.263284103359795
2017-05-05,0.263109409899481
2017-05-08,0.2620261909437692
2017-05-09,0.2613414344501687
2017-05-10,0.26622443700058845
2017-05-11,0.25793685875354966
2017-05-12,0.2572373539037501
2017-05-15,0.2606098219962922
2017-05-16,0.2666156910530238
2017-05-17,0.265679197042067
2017-05-18,0.2922155471145846
2017-05-19,0.29149013641104005
2017-05-22,0.301611135680078
2017-05-23,0.3037393931884558
2017-05-24,0.30502524208453935
2017-05-25,0.3070781230988098
2017-05-26,0.2794367703857753
2017-05-30,0.27799025245679265
2017-05-31,0.278677392293406
2017-06-01,0.27107817993715444
2017-06-02,0.2722075438956659
2017-06-05,0.2681903079646154
2017-06-06,0.2688656228106958
2017-06-07,0.26661660129269116
2017-06-08,0.263467002102345
2017-06-09,0.25708786263499905
2017-06-12,0.22275727385893432
2017-06-13,0.21977415706016143
2017-06-14,0.22051023908361345
2017-06-15,0.21981883562663984
2017-06-16,0.20887727057763533
2017-06-19,0.20890425590960723
2017-06-20,0.20952234011602744
2017-06-21,0.20730584081879128
2017-06-22,0.20592965691235665
2017-06-23,0.2013585760336657
2017-06-26,0.20087944402011013
2017-06-27,0.20293675693349492
2017-06-28,0.20640316661198282
2017-06-29,0.20916408292340902
2017-06-30,0.21658213076728902
2017-07-03,0.21438432577013786
2017-07-05,0.21174679515409287
2017-07-06,0.20714385569355814
2017-07-07,0.2169216620146897
2017-07-10,0.21693703122882205
2017-07-11,0.21860991919469971
2017-07-12,0.20720942533114878
2017-07-13,0.19747728381563628
2017-07-14,0.20160991148352184
2017-07-17,0.19890532977422512
2017-07-18,0.19634567038414386
2017-07-19,0.19169430110604754
2017-07-20,0.1754857963989964
2017-07-21,0.17267823832923654
2017-07-24,0.1718439765538148
2017-07-25,0.17060487080030826
2017-07-26,0.16987049186428854
2017-07-27,0.16329560386670391
2017-07-28,0.1581838778678629
2017-07-31,0.15640457960552176
2017-08-01,0.15676640764591193
2017-08-02,0.15559673811378014
2017-08-03,0.15346716068587898
2017-08-04,0.14949404880573727
2017-08-07,0.15108971150948813
2017-08-08,0.15148206793017274
2017-08-09,0.15178535855384492
2017-08-10,0.1480979266178427
2017-08-11,0.16840360642716273
2017-08-14,0.12096425487544528
2017-08-15,0.12967441773661412
2017-08-16,0.1251954572980926
2017-08-17,0.12669827449725649
2017-08-18,0.1543047487588231
2017-08-21,0.15351293790951256
2017-08-22,0.15548098083011355
2017-08-23,0.16788016632134636
2017-08-24,0.16824843928848124
2017-08-25,0.17053026173411653
2017-08-28,0.1668247498906273
2017-08-29,0.1707740093066823
2017-08-30,0.17145144579162958
2017-08-31,0.1716753351464105
2017-09-01,0.177612928642038
2017-09-05,0.18303851584007158
2017-09-06,0.20443610063333564
2017-09-07,0.20667149287224082
2017-09-08,0.20188069190898225
2017-09-11,0.20752529964192437
2017-09-12,0.22846649943225664
2017-09-13,0.22490820120260457
2017-09-14,0.22053748566990453
2017-09-15,0.21772290507053235
2017-09-18,0.21934168590412362
2017-09-19,0.2193375964417535
2017-09-20,0.21905689874255868
2017-09-21,0.21588518769429402
2017-09-22,0.21159902344960677
2017-09-25,0.20874901044602193
2017-09-26,0.20150625463129615
2017-09-27,0.20197685108558297
2017-09-28,0.19709722902610838
2017-09-29,0.20377198684479417
2017-10-02,0.19256425562937082
2017-10-03,0.18869399026031702
2017-10-04,0.19071133950510882
2017-10-05,0.18936087380375605
2017-10-06,0.19054838255595083
2017-10-09,0.19121571409380936
2017-10-10,0.1915150312188421
2017-10-11,0.19194388980357135
2017-10-12,0.1962481321271867
2017-10-13,0.19014045231166124
2017-10-16,0.190220662276036
2017-10-17,0.19219212195296215
2017-10-18,0.18384605516755215
2017-10-19,0.1852286655272522
2017-10-20,0.19317041384517666
2017-10-23,0.19458818408011033
2017-10-24,0.19983686648648863
2017-10-25,0.198880862166509
2017-10-26,0.20787681037099093
2017-10-27,0.2122833369217871
2017-10-30,0.1827088308759609
2017-10-31,0.18334983002339836
2017-11-01,0.1831018534053173
2017-11-02,0.18213327726314235
2017-11-03,0.18216566505343015
2017-11-06,0.16117648999605375
2017-11-07,0.16084538468799459
2017-11-08,0.1512596382502036
2017-11-09,0.14922116156867235
2017-11-10,0.14831678747425556
2017-11-13,0.11225513036983324
2017-11-14,0.11125015524485338
2017-11-15,0.10843485649695976
2017-11-16,0.10270881766074662
2017-11-17,0.10129053616841213
2017-11-20,0.10920475018049355
2017-11-21,0.10947640117920664
2017-11-22,0.11255291011023198
2017-11-24,0.11381847651508219
2017-11-27,0.11473121331650753
2017-11-28,0.1124391003792206
2017-11-29,0.12130068975718766
2017-11-30,0.10533183783456762
2017-12-01,0.11949618708708665
2017-12-04,0.12184588936120291
2017-12-05,0.10868933911617894
2017-12-06,0.09445406036587779
2017-12-07,0.09320524209268924
2017-12-08,0.091889507349845
2017-12-11,0.09564210792682641
2017-12-12,0.09581196016750652
2017-12-13,0.09271924760175493
2017-12-14,0.08994006760019703
2017-12-15,0.09261169038223149
2017-12-18,0.09486983098399275
2017-12-19,0.09247271382432769
2017-12-20,0.09390999040555363
2017-12-21,0.09168006324718284
2017-12-22,0.09234111328169244
2017-12-26,0.09385962266737914
2017-12-27,0.09322451467292794
2017-12-28,0.09533389434008638
2017-12-29,0.09575120996372433
2018-01-02,0.10216170608364497
2018-01-03,0.09691370932640715
2018-01-04,0.09793990033363403
2018-01-05,0.10101778213223102
2018-01-08,0.10137765754565642
2018-01-09,0.09903484248257578
2018-01-10,0.09877197979829119
2018-01-11,0.09879536002530528
2018-01-12,0.1006957644934948
2018-01-16,0.11637109990538096
2018-01-17,0.11744647429785754
2018-01-18,0.12393770090117726
2018-01-19,0.12770081476287745
2018-01-22,0.12519720022982234
2018-01-23,0.1334470788773334
2018-01-24,0.1255117435170304
2018-01-25,0.12519044072298097
2018-01-26,0.13377064541294997
2018-01-29,0.13313652413048263
2018-01-30,0.14435059736700573
2018-01-31,0.16244372150649605
2018-02-01,0.156962901046633
2018-02-02,0.1537009576698163
2018-02-05,0.2299710009384462
2018-02-06,0.41195145100524166
2018-02-07,0.42777878976233463
2018-02-08,0.42696411958337854
2018-02-09,0.5013595214369727
2018-02-12,0.5013478958150622
2018-02-13,0.5129315898833753
2018-02-14,0.5140138083450906
2018-02-15,0.5081757947773571
2018-02-16,0.5046244629797502
2018-02-20,0.5011065164205054
2018-02-21,0.4987824820939935
2018-02-22,0.5005070081404307
2018-02-23,0.4991261392887929
2018-02-26,0.5069590506547819
2018-02-27,0.5125086226548456
2018-02-28,0.527667426099468
2018-03-01,0.5325309797052967
2018-03-02,0.5371159190020319
2018-03-05,0.5496312360803577
2018-03-06,0.5524113071148447
2018-03-07,0.5530126289859181
2018-03-08,0.5542627249151788
2018-03-09,0.5521718710655912
2018-03-12,0.5584833143948499
2018-03-13,0.559063732571225
2018-03-14,0.560593294891074
2018-03-15,0.5634816304984449
2018-03-16,0.5622375812577944
2018-03-19,0.5626077516865112
2018-03-20,0.5683702467345851
2018-03-21,0.5698878302675355
2018-03-22,0.5681905689865145
2018-03-23,0.5807622354029223
2018-03-26,0.5824438523101704
2018-03-27,0.5946470190788264
2018-03-28,0.5840155273795233
2018-03-29,0.577731593280511
2018-04-02,0.581171624225701
2018-04-03,0.5894696267036764
2018-04-04,0.5949132109606262
2018-04-05,0.5949058284857204
2018-04-06,0.5961517756167178
2018-04-09,0.60510159078671
2018-04-10,0.6052471329837757
2018-04-11,0.6112727480060753
2018-04-12,0.6086479769444243
2018-04-13,0.6105011879632215
2018-04-16,0.6057867719012301
2018-04-17,0.6087370419899827
2018-04-18,0.605900493101274
2018-04-19,0.6015302510478195
2018-04-20,0.5995197496777993
2018-04-23,0.5999222672371074
2018-04-24,0.6004807114617109
2018-04-25,0.6013050351006238
2018-04-26,0.6001797807645484
2018-04-27,0.6051939961897917
2018-04-30,0.6038319814217448
2018-05-01,0.6069665361936921
2018-05-02,0.5980978076595962
2018-05-03,0.5442741467163004
2018-05-04,0.5411672867524006
2018-05-07,0.5462058508283121
2018-05-08,0.498686995992267
2018-05-09,0.49743515989727627
2018-05-10,0.49180951317110316
2018-05-11,0.4951419752643467
2018-05-14,0.49832863245290004
2018-05-15,0.49918623455529426
2018-05-16,0.5034031010923555
2018-05-17,0.5056553763452567
2018-05-18,0.5029110617326459
2018-05-21,0.5014487708223869
2018-05-22,0.4958956182338133
2018-05-23,0.49082664017882305
2018-05-24,0.4872443547788885
2018-05-25,0.48015476301237175
2018-05-29,0.4702130862054996
2018-05-30,0.46540956573733955
2018-05-31,0.47002760416875056
2018-06-01,0.47308305683428387
2018-06-04,0.4781033887896055
2018-06-05,0.4789384874373872
2018-06-06,0.47054863191729523
2018-06-07,0.47485773479603527
2018-06-08,0.47517281166029485
2018-06-11,0.47115293820679355
2018-06-12,0.47037333837150797
2018-06-13,0.47009370207198614
2018-06-14,0.461980029117325
2018-06-15,0.4612578452396727
2018-06-18,0.45923406858210547
2018-06-19,0.4297335313705424
2018-06-20,0.4149532273434619
2018-06-21,0.38602276797514284
2018-06-22,0.3884490302017847
2018-06-25,0.3888051728419017
2018-06-26,0.3928623067055692
2018-06-27,0.3693877439527594
2018-06-28,0.3521867204096855
2018-06-29,0.34977525557300077
2018-07-02,0.3492967870035102
2018-07-03,0.3138039245051382
2018-07-05,0.3136753392196022
2018-07-06,0.29494476033517286
2018-07-09,0.29340878749589416
2018-07-10,0.2870579458731241
2018-07-11,0.29310035176752874
2018-07-12,0.295134469357231
2018-07-13,0.30351416607489423
2018-07-16,0.3066338491339611
2018-07-17,0.30427908628485556
2018-07-18,0.2922359291522542
2018-07-19,0.29080816628451744
2018-07-20,0.2822624974619935
2018-07-23,0.2849725136718384
2018-07-24,0.274174144976363
2018-07-25,0.2886666971028238
2018-07-26,0.28844477009944347
2018-07-27,0.294524120367802
2018-07-30,0.2902232778417439
2018-07-31,0.2895069149520824
2018-08-01,0.2742007688248204
2018-08-02,0.26444129743989486
2018-08-03,0.26234442938443336
2018-08-06,0.2570638360110506
2018-08-07,0.24930494627752617
2018-08-08,0.2487497996171675
2018-08-09,0.24832876009507115
2018-08-10,0.24096195111569918
2018-08-13,0.24583777573819446
2018-08-14,0.2503494691721891
2018-08-15,0.25027767078672436
2018-08-16,0.24728091804938435
2018-08-17,0.2522654278843769
2018-08-20,0.2487065443972197
2018-08-21,0.24384519604898167
2018-08-22,0.24238800836830757
2018-08-23,0.23574334593113616
2018-08-24,0.21969578110752594
2018-08-27,0.21352700828833693
2018-08-28,0.20575669901430568
2018-08-29,0.2067758105662983
2018-08-30,0.2069553661457318
2018-08-31,0.20325374109400804
2018-09-04,0.20669264796553574
2018-09-05,0.2056866772387635
2018-09-06,0.20163674355764077
2018-09-07,0.20141156692061837
2018-09-10,0.1999720000622189
2018-09-11,0.19882990333419828
2018-09-12,0.2022902134886648
2018-09-13,0.20037264958000658
2018-09-14,0.20124693822512457
2018-09-17,0.20080181717129228
2018-09-18,0.1947979739934277
2018-09-19,0.19828914285259747
2018-09-20,0.17492961656335088
2018-09-21,0.1808201392959265
2018-09-24,0.17680270928754824
2018-09-25,0.17397754794204787
2018-09-26,0.17441230837367452
2018-09-27,0.18133084568600036
2018-09-28,0.1770695590091239
2018-10-01,0.1693829425603563
2018-10-02,0.1711254680103894
2018-10-03,0.16730749809888457
2018-10-04,0.16076745291023573
2018-10-05,0.15496891393773227
2018-10-08,0.15397409962729816
2018-10-09,0.15351518606341782
2018-10-10,0.16102801631818778
2018-10-11,0.27576982862285665
2018-10-12,0.33167045343013357
2018-10-15,0.331709548768264
2018-10-16,0.33159715756946356
2018-10-17,0.36494257367428734
2018-10-18,0.3526227517488837
2018-10-19,0.35740807635443117
2018-10-22,0.3464682044731102
2018-10-23,0.35083542279597574
2018-10-24,0.3515207557509068
2018-10-25,0.3695009341873664
2018-10-26,0.38983515832794113
2018-10-29,0.40098610486625463
2018-10-30,0.3838954602664631
2018-10-31,0.39334942018243557
2018-11-01,0.3988540725868925
2018-11-02,0.39987155606801356
2018-11-05,0.3898469120178033
2018-11-06,0.38595761181256616
2018-11-07,0.38644546042895717
2018-11-08,0.39815087330638826
2018-11-09,0.3983252313782874
2018-11-12,0.39096964775111825
2018-11-13,0.4009775048425144
2018-11-14,0.39712959703824874
2018-11-15,0.40016499492275365
2018-11-16,0.4040372560257719
2018-11-19,0.3911931541488158
2018-11-20,0.38333973705282776
2018-11-21,0.39744773987378534
2018-11-23,0.3903874148671095
2018-11-26,0.3889844276022266
2018-11-27,0.395414387699626
2018-11-28,0.39675701114472056
2018-11-29,0.4179932994706794
2018-11-30,0.41830260602719016
2018-12-03,0.4222387777426486
2018-12-04,0.41707073618742474
2018-12-06,0.4403142767422434
2018-12-07,0.43874171376743004
2018-12-10,0.4497992032652108
2018-12-11,0.4459139067173288
2018-12-12,0.44551642566783717
2018-12-13,0.44653532327073076
2018-12-14,0.44849067978522356
2018-12-17,0.44905020350319863
2018-12-18,0.45303294311680775
2018-12-19,0.44662935811285803
2018-12-20,0.4550013227152812
2018-12-21,0.45652319378058653
2018-12-24,0.4580340678670052
2018-12-26,0.4752859501207858
2018-12-27,0.5265772983289977
2018-12-28,0.5286841535010287
2018-12-31,0.529423616599373
2019-01-02,0.5339046903170058
2019-01-03,0.5301140000748694
2019-01-04,0.5340880122156119
2019-01-07,0.5523916186936868
2019-01-08,0.5524421948200107
2019-01-09,0.5400818133014156
2019-01-10,0.5277666512683642
2019-01-11,0.5274556111252023
2019-01-14,0.5270638115835073
2019-01-15,0.5193360555111277
2019-01-16,0.5234453130289441
2019-01-17,0.5083551818457143
2019-01-18,0.5137754273165088
2019-01-22,0.5186126264348145
2019-01-23,0.5278492440935749
2019-01-24,0.5303213872879615
2019-01-25,0.525626787492912
2019-01-28,0.5224617205003254
2019-01-29,0.5294822894280287
2019-01-30,0.5233179801447849
2019-01-31,0.5259717641542792
2019-02-01,0.5228647979644716
2019-02-04,0.5220723764914992
2019-02-05,0.5248739244670986
2019-02-06,0.5232744339694925
2019-02-07,0.5188089943342783
2019-02-08,0.5235589853355151
2019-02-11,0.5250875701518916
2019-02-12,0.5223550338752545
2019-02-13,0.5294834556724666
2019-02-14,0.5295933717444541
2019-02-15,0.5175286478906331
2019-02-19,0.5279569911495079
2019-02-20,0.5373495186678235
2019-02-21,0.5310568188648482
2019-02-22,0.533091649421281
2019-02-25,0.534174957681432
2019-02-26,0.5305871194687791
2019-02-27,0.5305965194600323
2019-02-28,0.5144644565547383
2019-03-01,0.5140693499140003
2019-03-04,0.5165093390842825
2019-03-05,0.5204778126773789
2019-03-06,0.5034072949973771
2019-03-07,0.5065405888597928
2019-03-08,0.49766959119754245
2019-03-11,0.5006566034494107
2019-03-12,0.4996651724167043
2019-03-13,0.4958478978347799
2019-03-14,0.4979905499340414
2019-03-15,0.5015586596951254
2019-03-18,0.4914807436921309
2019-03-19,0.4976780606098957
2019-03-20,0.4880822705419566
2019-03-21,0.48115413579883437
2019-03-22,0.4708083508671097
2019-03-25,0.44828266019341695
2019-03-26,0.3611068241976181
2019-03-27,0.3597665282207798
2019-03-28,0.3612663365187241
2019-03-29,0.3593207991692286
2019-04-01,0.36654195803151324
2019-04-02,0.33841559304781843
2019-04-03,0.2848837736502933
2019-04-04,0.2864189475268724
2019-04-05,0.285326241156161
2019-04-08,0.2917872954453038
2019-04-09,0.29302627792288616
2019-04-10,0.29998861280816197
2019-04-11,0.30013264602389955
2019-04-12,0.2945545942147172
2019-04-15,0.292677094599516
2019-04-16,0.29094242916743873
2019-04-17,0.2771781593259456
2019-04-18,0.2503420024038328
2019-04-22,0.25559130057282625
2019-04-23,0.256892935778199
2019-04-24,0.2519314924669514
2019-04-25,0.254424344868409
2019-04-26,0.2576396506106106
2019-04-29,0.23121939639405276
2019-04-30,0.23324490173131807
2019-05-01,0.2330617502415959
2019-05-02,0.2314229693881477
2019-05-03,0.23202409697757964
2019-05-06,0.23741588694279384
2019-05-07,0.22428353134235213
2019-05-08,0.25006846022711887
2019-05-09,0.24980547587706461
2019-05-10,0.23207928846408324
2019-05-13,0.23154514644242133
2019-05-14,0.27271541545594163
2019-05-15,0.26572602937151907
2019-05-16,0.2672257699506287
2019-05-17,0.2740906909272149
2019-05-20,0.2772496897310795
2019-05-21,0.2773010333569853
2019-05-22,0.278095822872588
2019-05-23,0.27520528541440104
2019-05-24,0.2830866765527496
2019-05-28,0.28376598545973464
2019-05-29,0.285403275314976
2019-05-30,0.2864327246746085
2019-05-31,0.2846732412542012
2019-06-03,0.29576681426710477
2019-06-04,0.279239404007933
2019-06-05,0.2971695088163269
2019-06-06,0.2857318208475625
2019-06-07,0.2959870278928774
2019-06-10,0.29481401751763653
2019-06-11,0.2975499202338554
2019-06-12,0.2971711518193864
2019-06-13,0.29596510669820164
2019-06-14,0.2958480099470565
2019-06-17,0.30006313251434963
2019-06-18,0.3006212756503757
2019-06-19,0.28440856977837603
2019-06-20,0.28537476058131106
2019-06-21,0.2859567500077599
2019-06-24,0.2835868025072827
2019-06-25,0.2825376675232547
2019-06-26,0.28378407901752667
2019-06-27,0.2731467626375934
2019-06-28,0.27129095491960625
2019-07-01,0.2692340426599738
2019-07-02,0.2731122193571121
2019-07-03,0.27078248960002477
2019-07-05,0.2746824494650596
2019-07-08,0.2705817496029394
2019-07-09,0.2715489745758855
2019-07-10,0.2712185474833976
2019-07-11,0.2886581318082674
2019-07-12,0.29049548751880494
2019-07-15,0.28848767032074996
2019-07-16,0.29578663031113
2019-07-17,0.29576046207295004
2019-07-18,0.2973459542312098
2019-07-19,0.29673299409802584
2019-07-22,0.29221963907012133
2019-07-23,0.2944910971760757
2019-07-24,0.2998568327449937
2019-07-25,0.297275900462638
2019-07-26,0.3091966719461876
2019-07-29,0.3057276871821677
2019-07-30,0.3025855358095959
2019-07-31,0.2900192577913055
2019-08-01,0.2983346361169395
2019-08-02,0.29008095103950243
2019-08-05,0.29003090077733634
2019-08-06,0.3417181272894916
2019-08-07,0.3469224852735403
2019-08-08,0.32192025329222584
2019-08-09,0.3379133227170591
2019-08-12,0.3402608688399005
2019-08-13,0.3453624045842417
2019-08-14,0.3541108364978886
2019-08-15,0.3977604072331612
2019-08-16,0.3967729936784035
2019-08-19,0.40647272628519854
2019-08-20,0.40923801330362974
2019-08-21,0.4163784365458384
2019-08-22,0.4165496684959834
2019-08-23,0.41237534847583246
2019-08-26,0.4407649670537127
2019-08-27,0.43914425722565165
2019-08-28,0.4536785733122653
2019-08-29,0.44712741563837993
2019-08-30,0.45424058649367344
2019-09-03,0.45160836927980347
2019-09-04,0.44906541766719954
2019-09-05,0.45077975141946924
2019-09-06,0.4491731924032492
2019-09-09,0.45074922313768045
2019-09-10,0.44411590565188375
2019-09-11,0.44165265173894297
2019-09-12,0.44367754243174734
2019-09-13,0.44104985820993664
2019-09-16,0.4383714353056009
2019-09-17,0.4243543299033605
2019-09-18,0.42432005360884156
2019-09-19,0.42486129434614894
2019-09-20,0.4225221687118768
2019-09-23,0.4284078376615749
2019-09-24,0.4307728521149816
2019-09-25,0.4365551914857192
2019-09-26,0.43462658007335425
2019-09-27,0.43660378554484963
2019-09-30,0.43331908956686477
2019-10-01,0.4319934008318622
2019-10-02,0.4335972881184619
2019-10-03,0.445608343090633
2019-10-04,0.4472884212713404
2019-10-07,0.4609713648684366
2019-10-08,0.4667938812867723
2019-10-09,0.474504447632392
2019-10-10,0.47637503330484665
2019-10-11,0.47778023831670874
2019-10-14,0.47946587205047764
2019-10-15,0.4841100045560898
2019-10-16,0.47743595021198537
2019-10-17,0.48060731351719277
2019-10-18,0.48630003163836044
2019-10-21,0.4765531256194834
2019-10-22,0.48853267060896216
2019-10-23,0.49050586187915857
2019-10-24,0.5066943722205085
2019-10-25,0.5021400944688126
2019-10-28,0.4952443644981733
2019-10-29,0.4955075358217953
2019-10-30,0.45546848477263546
2019-10-31,0.4477501468980512
2019-11-01,0.4513342008028119
2019-11-04,0.4367382280477776
2019-11-05,0.42080528137972834
2019-11-06,0.41155261972666846
2019-11-07,0.4059523036497942
2019-11-08,0.3581820569793627
2019-11-11,0.35917867952406624
2019-11-12,0.351639996734627
2019-11-13,0.34501497515937163
2019-11-14,0.33230730061264907
2019-11-15,0.32983961213615587
2019-11-18,0.3322950169018618
2019-11-19,0.2827746176939418
2019-11-20,0.2718299354116214
2019-11-21,0.26879434414115844
2019-11-22,0.2638000451234941
2019-11-25,0.2573499953267889
2019-11-26,0.26005680545995224
2019-11-27,0.258889450044226
2019-11-29,0.2542849291900765
2019-12-02,0.2545583001644035
2019-12-03,0.25742385928153233
2019-12-04,0.26812480966996316
2019-12-05,0.2735356859961756
2019-12-06,0.27017816761306807
2019-12-09,0.2798639105894805
2019-12-10,0.28528924279978096
2019-12-11,0.293912899138146
2019-12-12,0.29519132222780814
2019-12-13,0.29912341836665507
2019-12-16,0.29958676420215374
2019-12-17,0.29665921748093305
2019-12-18,0.29568614979687635
2019-12-19,0.2906062650838509
2019-12-20,0.2911984538819034
2019-12-23,0.28729906288718365
2019-12-24,0.2886929558804359
2019-12-26,0.2927701655801668
2019-12-27,0.28190565933042006
2019-12-30,0.23421547333963538
2019-12-31,0.24100119459632285
2020-01-02,0.2238234499325177
2020-01-03,0.2209094382538719
2020-01-06,0.20331835962968373
2020-01-07,0.198274024166018
2020-01-08,0.2014993873609407
2020-01-09,0.19599091425121046
2020-01-10,0.19847201136791082
2020-01-13,0.19979508260704865
2020-01-14,0.20190947921506475
2020-01-15,0.20024777831249047
2020-01-16,0.19349355121416473
2020-01-17,0.1916690131539112
2020-01-21,0.1912774306207588
2020-01-22,0.19299325063125866
2020-01-23,0.1954036595943303
2020-01-24,0.1994573278500729
2020-01-27,0.21391100088837475
2020-01-28,0.24496066626027393
2020-01-29,0.24573702809923748
2020-01-30,0.24406766497164564
2020-01-31,0.24930272547268206
2020-02-03,0.2812476677028966
2020-02-04,0.2787364527629104
2020-02-05,0.27322683106946183
2020-02-06,0.29151003089511013
2020-02-07,0.2898474561223174
2020-02-10,0.2917431642936482
2020-02-11,0.2903456859166585
2020-02-12,0.2880586353363988
2020-02-13,0.2850238289739083
2020-02-14,0.28676820471856523
2020-02-18,0.2859862815726384
2020-02-19,0.28754718173147337
2020-02-20,0.2925434071337658
2020-02-21,0.2981391987456556
2020-02-24,0.30037456350298836
2020-02-25,0.4111806278547816
2020-02-26,0.4556258830969952
2020-02-27,0.44686102126485827
2020-02-28,0.5396189041320062
2020-03-02,0.5133995564456122
2020-03-03,0.5648477741165914
2020-03-04,0.5788600649672808
2020-03-05,0.6053667953311274
2020-03-06,0.624200113573138
2020-03-09,0.6218536734353082
2020-03-10,0.6865844141750548
2020-03-11,0.701006170665853
2020-03-12,0.7062318136483462
2020-03-13,0.7590970733694299
2020-03-16,0.7861706900535153
2020-03-17,0.8146370852292468
2020-03-18,0.8116928502691124
2020-03-19,0.793140315938147
2020-03-20,0.7685981609386551
2020-03-23,0.7585661680071146
2020-03-24,0.7466931025424308
2020-03-25,0.7668838805174423
2020-03-26,0.7559313696409384
2020-03-27,0.7641160079226385
2020-03-30,0.7634971531252763
2020-03-31,0.7622245715708593
2020-04-01,0.7582771764064914
2020-04-02,0.7592136871305037
2020-04-03,0.7585792278505045
2020-04-06,0.7572106928992519
2020-04-07,0.7618405602588209
2020-04-08,0.7584848950878839
2020-04-09,0.7603339308465658
2020-04-13,0.7565791204876458
2020-04-14,0.749988312357057
2020-04-15,0.7471852899674613
2020-04-16,0.7446812513930131
2020-04-17,0.7412950581847834
2020-04-20,0.7361161740308743
2020-04-21,0.7363640780463273
2020-04-22,0.737086420755221
2020-04-23,0.7376740531691686
2020-04-24,0.7388448772318243
2020-04-27,0.7385484261415141
2020-04-28,0.7372111832526403
2020-04-29,0.7388782679006528
2020-04-30,0.7366811072655471
2020-05-01,0.7354692458138562
2020-05-04,0.7347015384750081
2020-05-05,0.7339887180995919
2020-05-06,0.7340823139451991
2020-05-07,0.7341254065526456
2020-05-08,0.7328599307777722
2020-05-11,0.7335694561762651
2020-05-12,0.732497405626916
2020-05-13,0.7337387017723225
2020-05-14,0.7337551225186587
2020-05-15,0.7336887567290773
2020-05-18,0.7331929232795188
2020-05-19,0.7330796913292013
2020-05-20,0.731699181552648
2020-05-21,0.7302670449195876
2020-05-22,0.7307228706191665
2020-05-26,0.7274658115485667
2020-05-27,0.726051485125879
2020-05-28,0.7219970572524258
2020-05-29,0.7195281298765038
2020-06-01,0.7179339459956865
2020-06-02,0.7120422609398119
2020-06-03,0.71234628571689
2020-06-04,0.6986918321409431
2020-06-05,0.6943963641487848
2020-06-08,0.6895916045261317
2020-06-09,0.6575880446097928
2020-06-10,0.6341223650373045
2020-06-11,0.5697912883258762
2020-06-12,0.5877756451666438
2020-06-15,0.5854337967299605
2020-06-16,0.6026306931129163
2020-06-17,0.6004541207778882
2020-06-18,0.6072986451956313
2020-06-19,0.5546517736174339
2020-06-22,0.5671386396866082
2020-06-23,0.5393350547590458
2020-06-24,0.5295229266861924
2020-06-25,0.5370656542893038
2020-06-26,0.5431155802262033
2020-06-29,0.5355742598406278
2020-06-30,0.5318429435637456
2020-07-01,0.5342135652565826
2020-07-02,0.4986544964415455
2020-07-06,0.5047502160071643
2020-07-07,0.4941429538273049
2020-07-08,0.504399545442119
2020-07-09,0.5152393125750917
2020-07-10,0.5175902118982235
2020-07-13,0.5227989522730168
2020-07-14,0.5256009554282252
2020-07-15,0.5340521087681779
2020-07-16,0.5247953083607753
2020-07-17,0.5094765576932057
2020-07-20,0.5060476390769851
2020-07-21,0.5024047279817012
2020-07-22,0.4979785344009215
2020-07-23,0.49705839484396197
2020-07-24,0.4986847881077348
2020-07-27,0.5074613566661732
2020-07-28,0.511662875307125
2020-07-29,0.4932028035376931
2020-07-30,0.49724060581635837
2020-07-31,0.4930652142763169
2020-08-03,0.4791309365306414
2020-08-04,0.4774049931922154
2020-08-05,0.47183976655799664
2020-08-06,0.4751635226438877
2020-08-07,0.46455668034275754
2020-08-10,0.45774357744916966
2020-08-11,0.45513854313602853
2020-08-12,0.458874015848386
2020-08-13,0.45414894627502633
2020-08-14,0.45050311991527964
2020-08-17,0.45004319867616094
2020-08-18,0.44400281146808784
2020-08-19,0.44249028232135557
2020-08-20,0.4545848267962806
2020-08-21,0.45758927335609
2020-08-24,0.4637831649110443
2020-08-25,0.4669198549628235
2020-08-26,0.4737116111049298
2020-08-27,0.4707048517922206
2020-08-28,0.4711571592630019
2020-08-31,0.47849987634551333
2020-09-01,0.4692333733285288
2020-09-02,0.46794941153205216
2020-09-03,0.4698961507758507
2020-09-04,0.49186805988258253
2020-09-08,0.361568732910844
2020-09-09,0.39270124216655833
2020-09-10,0.39956426442279447
2020-09-11,0.4046619112531733
2020-09-14,0.4026677942761435
2020-09-15,0.40425297141176486
2020-09-16,0.40111773118391714
2020-09-17,0.3973918563635079
2020-09-18,0.3968378923337723
2020-09-21,0.37277842068866285
2020-09-22,0.3710138434918046
2020-09-23,0.33388536226099735
2020-09-24,0.3478822922251112
2020-09-25,0.3436037152165553
2020-09-28,0.3507139604632782
2020-09-29,0.355996527219925
2020-09-30,0.351410382867111
2020-10-01,0.3509759583155566
2020-10-02,0.3462297251603077
2020-10-05,0.340654855554504
2020-10-06,0.34223177685918715
2020-10-07,0.3559164139473082
2020-10-08,0.35940559750427853
2020-10-09,0.3657875511176828
2020-10-12,0.3673004682394577
2020-10-13,0.37705297821180406
2020-10-14,0.3852032165721023
2020-10-15,0.38927150568292707
2020-10-16,0.3967384721865718
2020-10-19,0.39230910668004093
2020-10-20,0.40097121320152324
2020-10-21,0.4034656133537522
2020-10-22,0.4094468004616142
2020-10-23,0.40842225078330285
2020-10-26,0.4139023798324988
2020-10-27,0.43450965101755656
2020-10-28,0.4348366973320605
2020-10-29,0.47990914621666403
2020-10-30,0.4770768114506897
2020-11-02,0.47194821249143665
2020-11-03,0.4796411730846496
2020-11-04,0.4841841067235247
2020-11-05,0.46059119849736424
2020-11-06,0.46028428637673463
2020-11-09,0.45788472577067085
2020-11-10,0.42406118009554006
2020-11-11,0.41768649965150195
2020-11-12,0.41605585394285116
2020-11-13,0.4169853370529021
2020-11-16,0.42125766450346064
2020-11-17,0.41658670048373575
2020-11-18,0.4138006328813839
2020-11-19,0.4165389025657592
2020-11-20,0.4186140528019223
2020-11-23,0.42031279332865606
2020-11-24,0.41543130664718686
2020-11-25,0.41781006861262404
2020-11-27,0.41964371368910636
2020-11-30,0.4187828675643894
2020-12-01,0.40304889670683
2020-12-02,0.4076217327747526
2020-12-03,0.3835365489751394
2020-12-04,0.3776533050739895
2020-12-07,0.36579889384934455
2020-12-08,0.3667371523165959
2020-12-09,0.36491059667612963
2020-12-10,0.36727307193652164
2020-12-11,0.36911448021642873
2020-12-14,0.3679619724868384
2020-12-15,0.36815272452576175
2020-12-16,0.36756902296833394
2020-12-17,0.3703068350172168
2020-12-18,0.3507640430169194
2020-12-21,0.35310824762541376
2020-12-22,0.34130818683048336
2020-12-23,0.3379022097289985
2020-12-24,0.33477402002562634
2020-12-28,0.3316607069417386
2020-12-29,0.33432273839087334
2020-12-30,0.3352146184699684
2020-12-31,0.32824884875262694
2021-01-04,0.3205538563421765
2021-01-05,0.31644064503608177
2021-01-06,0.3158047530702761
2021-01-07,0.30251844720512955
2021-01-08,0.29596783761525447
2021-01-11,0.2947927522025712
2021-01-12,0.29211311768468684
2021-01-13,0.29087203452531424
2021-01-14,0.2924982133528716
2021-01-15,0.2782373272656652
2021-01-19,0.2838132422808293
2021-01-20,0.2814558806779555
2021-01-21,0.2758484168156122
2021-01-22,0.27381838568314193
2021-01-25,0.2606712013598162
2021-01-26,0.2599790826513803
2021-01-27,0.18743597690630262
2021-01-28,0.22063634629331133
2021-01-29,0.22200683803716195
2021-02-01,0.2348391258538752
2021-02-02,0.2325327657829332
2021-02-03,0.24774657114130444
2021-02-04,0.23822580151092432
2021-02-05,0.2386660786333679
2021-02-08,0.24805715104214032
2021-02-09,0.2594966431420355
2021-02-10,0.2641794321577438
2021-02-11,0.2597435574124843
2021-02-12,0.25261236755578265
2021-02-16,0.25347626057748845
2021-02-17,0.25380694365508366
2021-02-18,0.2450333199480012
2021-02-19,0.24454258957768865
2021-02-22,0.2351217614529013
2021-02-23,0.23357260446191347
2021-02-24,0.2244839651158097
2021-02-25,0.22944699374980249
2021-02-26,0.24867247394151445
2021-03-01,0.2519457117169112
2021-03-02,0.2615314490596499
2021-03-03,0.2605953345188885
2021-03-04,0.25872825779362907
2021-03-05,0.2538839534428084
2021-03-08,0.26689968708672845
2021-03-09,0.2634336921304246
2021-03-10,0.25609980809848026
2021-03-11,0.2612220620169102
2021-03-12,0.2605035393347486
2021-03-15,0.2527818159624439
2021-03-16,0.24883468278531018
2021-03-17,0.24700377528525697
2021-03-18,0.24806819391545734
2021-03-19,0.24852086238168425
2021-03-22,0.25602361849847416
2021-03-23,0.24721222342806876
2021-03-24,0.24448922456762986
2021-03-25,0.2434246497286483
2021-03-26,0.24328611759501628
2021-03-29,0.24920492266213892
2021-03-30,0.24662124351736792
2021-03-31,0.24704720614483178
2021-04-01,0.23968438256961272
2021-04-05,0.23701039621580683
2021-04-06,0.25078581320644255
2021-04-07,0.2479491976033399
2021-04-08,0.24922826618569188
2021-04-09,0.2518566828231114
2021-04-12,0.254456533555444
2021-04-13,0.25381487588057966
2021-04-14,0.2569110363692038
2021-04-15,0.2442330596023791
2021-04-16,0.2447596857286497
2021-04-19,0.24793634278099416
2021-04-20,0.2510180448396161
2021-04-21,0.249136541866132
2021-04-22,0.2562974642100231
2021-04-23,0.2704391636178303
2021-04-26,0.23276597589047793
2021-04-27,0.22862212246264577
2021-04-28,0.20188654168002163
2021-04-29,0.195874413788974
2021-04-30,0.19539433259471733
2021-05-03,0.20509124192505143
2021-05-04,0.20510120782341704
2021-05-05,0.2042883484585367
2021-05-06,0.20085810315522754
2021-05-07,0.20341615519427336
2021-05-10,0.2059900580484736
2021-05-11,0.20480357683986872
2021-05-12,0.21679142883713293
2021-05-13,0.22754994355591823
2021-05-14,0.23091199647975644
2021-05-17,0.238388402449164
2021-05-18,0.24469858513806336
2021-05-19,0.2589023243286476
2021-05-20,0.26210182616088307
2021-05-21,0.25991668045650523
2021-05-24,0.23938962115128398
2021-05-25,0.2329857253392961
2021-05-26,0.21536047862879173
2021-05-27,0.2139310801694374
2021-05-28,0.2175351342113629
2021-06-01,0.21930409735992265
2021-06-02,0.19477403599093854
2021-06-03,0.2018886503331843
2021-06-04,0.20917346787988145
2021-06-07,0.20351169487646267
2021-06-08,0.20778817071861175
2021-06-09,0.21059796373412892
2021-06-10,0.2112243652954395
2021-06-11,0.20876503917479028
2021-06-14,0.21005467634559336
2021-06-15,0.20615263702315106
2021-06-16,0.20477786034988793
2021-06-17,0.21281592553737655
2021-06-18,0.2066142439586016
2021-06-21,0.23895851201586596
2021-06-22,0.25524084811679876
2021-06-23,0.24708947759078018
2021-06-24,0.2511466700434809
2021-06-25,0.25474055356504627
2021-06-28,0.2556461876213695
2021-06-29,0.2540312585013568
2021-06-30,0.2542736803559734
2021-07-01,0.25683641802769935
2021-07-02,0.2565248457744962
2021-07-06,0.25903859781186284
2021-07-07,0.2577628156112564
2021-07-08,0.2573772312599314
2021-07-09,0.2618405561350249
2021-07-12,0.2709997264927892
2021-07-13,0.27343469050947916
2021-07-14,0.2718817019653848
2021-07-15,0.26539844714894545
2021-07-16,0.26932453425561376
2021-07-19,0.2702224790022858
2021-07-20,0.27354578853409917
2021-07-21,0.2768788654494109
2021-07-22,0.28589219623456913
2021-07-23,0.2856311043056191
2021-07-26,0.29140933004450575
2021-07-27,0.2909956943376272
2021-07-28,0.2867703063587404
2021-07-29,0.279651650371881
2021-07-30,0.2864021608994138
2021-08-02,0.29345346794249744
2021-08-03,0.2883903947279489
2021-08-04,0.2933360163338446
2021-08-05,0.30561505442503534
2021-08-06,0.2925993049807934
2021-08-09,0.2775843609534579
2021-08-10,0.27222829543380406
2021-08-11,0.2587046957426763
2021-08-12,0.2559643894588462
2021-08-13,0.2472169436292814
2021-08-16,0.24239808973079757
2021-08-17,0.2369253624954727
2021-08-18,0.23918557480053712
2021-08-19,0.254667090575739
2021-08-20,0.24654445161618688
2021-08-23,0.2479355922923698
2021-08-24,0.2549087147860351
2021-08-25,0.2513990945871799
2021-08-26,0.2586217729282077
2021-08-27,0.26164067168309074
2021-08-30,0.26545038913076563
2021-08-31,0.26007258037956615
2021-09-01,0.2604729497605433
2021-09-02,0.26087919464734677
2021-09-03,0.26112985970156105
2021-09-07,0.2669776998539421
2021-09-08,0.2681409505059524
2021-09-09,0.2690757098429724
2021-09-10,0.2730383414464265
2021-09-13,0.27423418886970785
2021-09-14,0.28627070943411154
2021-09-15,0.2614443684537916
2021-09-16,0.24888571423719505
2021-09-17,0.2505713455607943
2021-09-20,0.2563821151325664
2021-09-21,0.2835333659568004
2021-09-22,0.2842689891043626
2021-09-23,0.29587083839807243
2021-09-24,0.3035809038057848
2021-09-27,0.3010304171607277
2021-09-28,0.29183008287843476
2021-09-29,0.3016465884107604
2021-09-30,0.3044096846763024
2021-10-01,0.32043895888472235
2021-10-04,0.3242580150960189
2021-10-05,0.32417481894403655
2021-10-06,0.32964466283428095
2021-10-07,0.33488167620690346
2021-10-08,0.3475080977226661
2021-10-11,0.34703751197445604
2021-10-12,0.34668128025175066
2021-10-13,0.3353757337519146
2021-10-14,0.32730799152813117
2021-10-15,0.3328775336868897
2021-10-18,0.336039766860666
2021-10-19,0.33579363700659104
2021-10-20,0.3350633457663748
2021-10-21,0.3340202971953905
2021-10-22,0.339479622714848
2021-10-25,0.3335414361240595
2021-10-26,0.33935312446972654
2021-10-27,0.3426742316970578
2021-10-28,0.32091243843645645
2021-10-29,0.3175697691941319
2021-11-01,0.3145474174464572
2021-11-02,0.31450061341557195
2021-11-03,0.31483662016296965
2021-11-04,0.3117757238143292
2021-11-05,0.30559386188011084
2021-11-08,0.30331889214270125
2021-11-09,0.30052496256635336
2021-11-10,0.3022833248244403
2021-11-11,0.3003091820491359
2021-11-12,0.282377132799598
2021-11-15,0.29059128349171737
2021-11-16,0.28675884116439143
2021-11-17,0.28343215839603075
2021-11-18,0.284510839154107
2021-11-19,0.2814854635088005
2021-11-22,0.27785651271731926
2021-11-23,0.26890655860941565
2021-11-24,0.2773510787314932
2021-11-26,0.27651486605845566
2021-11-29,0.31040334595340763
2021-11-30,0.3089464752707871
2021-12-01,0.31907743583709175
2021-12-02,0.3167638623913276
2021-12-03,0.3210959901869616
2021-12-06,0.31223182124307486
2021-12-07,0.3148453069080389
2021-12-08,0.3227760990390458
2021-12-09,0.319298779154011
2021-12-10,0.3164683063807725
2021-12-13,0.3106760413109165
2021-12-14,0.30075490460651344
2021-12-15,0.2767824216489627
2021-12-16,0.27997752245677426
2021-12-17,0.2687837091128418
2021-12-20,0.2867682361078892
2021-12-21,0.28926652147855236
2021-12-22,0.3012746082053892
2021-12-23,0.29749438217759683
2021-12-27,0.299456651994105
2021-12-28,0.29087279389844517
2021-12-29,0.28982543098221536
2021-12-30,0.28687256665725863
2021-12-31,0.28603301243860635
2022-01-03,0.2881396597557873
2022-01-04,0.2841438020455694
2022-01-05,0.27506939569124395
2022-01-06,0.27181318536787263
2022-01-07,0.26340369940330033
2022-01-10,0.26282915689664355
2022-01-11,0.2543868186654344
2022-01-12,0.25139707028019254
2022-01-13,0.2504936842824095
2022-01-14,0.2520109890993569
2022-01-18,0.2413275552288687
2022-01-19,0.25261967958787235
2022-01-20,0.25138513204250607
2022-01-21,0.2508984763834977
2022-01-24,0.2569653056737171
2022-01-25,0.2656738564046361
2022-01-26,0.25156503275907144
2022-01-27,0.24962336868669358
2022-01-28,0.25018105068187463
2022-01-31,0.24483945550089198
2022-02-01,0.24898500021153228
2022-02-02,0.2508995054881135
2022-02-03,0.24537714926022372
2022-02-04,0.24997433435851824
2022-02-07,0.23980648680254343
2022-02-08,0.23834022443210306
2022-02-09,0.23651121468280115
2022-02-10,0.2359481137541264
2022-02-11,0.24472933200932576
2022-02-14,0.24740181024293031
2022-02-15,0.24901350553848747
2022-02-16,0.25078511955624466
2022-02-17,0.25063131681590145
2022-02-18,0.25817190263678175
2022-02-22,0.2556464862989044
2022-02-23,0.2601387931548812
2022-02-24,0.24297595689921955
2022-02-25,0.23487766832236795
2022-02-28,0.26058036781431276
2022-03-01,0.2569574926461758
2022-03-02,0.25421108042249646
2022-03-03,0.26965096906514535
2022-03-04,0.26483548290845976
2022-03-07,0.25173250793973095
2022-03-08,0.2586165338771231
2022-03-09,0.24897999976938484
2022-03-10,0.2468651755669397
2022-03-11,0.24698842370382515
2022-03-14,0.24936240496357534
2022-03-15,0.24249723340863086
2022-03-16,0.24678694545705218
2022-03-17,0.2335436092874266
2022-03-18,0.24025611201472827
2022-03-21,0.2374948835454424
2022-03-22,0.23385329531603435
2022-03-23,0.23231426097081695
2022-03-24,0.22926960450789569
2022-03-25,0.2306273200676881
2022-03-28,0.23254302412614788
2022-03-29,0.23094707381508123
2022-03-30,0.22977619730915677
2022-03-31,0.22983653005953578
2022-04-01,0.24211886504419564
2022-04-04,0.24405360952037466
2022-04-05,0.24662136435330972
2022-04-06,0.24957345759345684
2022-04-07,0.24298812013322385
2022-04-08,0.24116745490832797
2022-04-11,0.24108705726168603
2022-04-12,0.24987594543144487
2022-04-13,0.25505978053042866
2022-04-14,0.2514186095193794
2022-04-18,0.252083257978093
2022-04-19,0.24996346707404882
2022-04-20,0.24314882016998213
2022-04-21,0.2413315349162257
2022-04-22,0.25516332914162143
2022-04-25,0.28197994383621644
2022-04-26,0.2806339689453109
2022-04-27,0.29609344593144504
2022-04-28,0.290609253135007
2022-04-29,0.3042293162549207
2022-05-02,0.33266055962807395
2022-05-03,0.3285443568582131
2022-05-04,0.3370737250534893
2022-05-05,0.3603919188477154
2022-05-06,0.38064439585989207
2022-05-09,0.38144300984732465
2022-05-10,0.39635808416290313
2022-05-11,0.3945431124970664
2022-05-12,0.3924860119636329
2022-05-13,0.391305661862094
2022-05-16,0.39767582752892333
2022-05-17,0.39764000712407416
2022-05-18,0.3995666275385283
2022-05-19,0.421390839304071
2022-05-20,0.41848232959909043
2022-05-23,0.4237707004314326
2022-05-24,0.41972149881968435
2022-05-25,0.4204760560296362
2022-05-26,0.42133985857900763
2022-05-27,0.4174967094022034
2022-05-31,0.42253279113430303
2022-06-01,0.42643194285439007
2022-06-02,0.4272936522339957
2022-06-03,0.44046883448134166
2022-06-06,0.4479396289788386
2022-06-07,0.45417393977314297
2022-06-08,0.45731060026583253
2022-06-09,0.4646557099618431
2022-06-10,0.48928683571934445
2022-06-13,0.5041134830851322
2022-06-14,0.5184752672056007
2022-06-15,0.5139191191884454
2022-06-16,0.5133134471024063
2022-06-17,0.5185981848909207
2022-06-21,0.5113040126326611
2022-06-22,0.5275729147797289
2022-06-23,0.5180723231655433
2022-06-24,0.5102201457965874
2022-06-27,0.5204467150645142
2022-06-28,0.5201625084288071
2022-06-29,0.5135588249163366
2022-06-30,0.510383780550011
2022-07-01,0.5101403694846209
2022-07-05,0.5123177703929046
2022-07-06,0.5151396632806128
2022-07-07,0.5143533679518403
2022-07-08,0.5184838564265394
2022-07-11,0.5178192737098164
2022-07-12,0.5197918030326382
2022-07-13,0.5182278359057293
2022-07-14,0.5215435749520999
2022-07-15,0.5231295550631592
2022-07-18,0.5248497154596143
2022-07-19,0.5215582876668651
2022-07-20,0.5265271616275757
2022-07-21,0.5150809914474331
2022-07-22,0.5189770764240194
2022-07-25,0.512423919695796
2022-07-26,0.518572433112334
2022-07-27,0.5085848427389758
2022-07-28,0.492620892866114
2022-07-29,0.49787299823218323
2022-08-01,0.48677784073512514
2022-08-02,0.4715456753873358
2022-08-03,0.45924583602954594
2022-08-04,0.4581758215157739
2022-08-05,0.44819753414142405
2022-08-08,0.44862906926439544
2022-08-09,0.45114416847080724
2022-08-10,0.45389638453163517
2022-08-11,0.45374254560877014
2022-08-12,0.4510498716577256
2022-08-15,0.45054105192178934
2022-08-16,0.4212589167263276
2022-08-17,0.4222460262101365
2022-08-18,0.42908840767622364
2022-08-19,0.41578963342311126
2022-08-22,0.4208344900435347
2022-08-23,0.42585635060555427
2022-08-24,0.4181608749551488
2022-08-25,0.41195114701011
2022-08-26,0.418171665603239
2022-08-29,0.4384257068442395
2022-08-30,0.43737322516726374
2022-08-31,0.4421327892588302
2022-09-01,0.44362415831121244
2022-09-02,0.43435670086256983
2022-09-06,0.4340103278410697
2022-09-07,0.4196043120740415
2022-09-08,0.4098740982080582
2022-09-09,0.3765736776638502
2022-09-12,0.3839688864601253
2022-09-13,0.38572965284166566
2022-09-14,0.4204765906852191
2022-09-15,0.4247011289039411
2022-09-16,0.3954735627983538
2022-09-19,0.4003115399906262
2022-09-20,0.41144548159647876
2022-09-21,0.39630916176693165
2022-09-22,0.40486445431866536
2022-09-23,0.4039119393511889
2022-09-26,0.4179576205872096
2022-09-27,0.42285783327883614
2022-09-28,0.41833680009917346
2022-09-29,0.4351599767297382
2022-09-30,0.4437909140642638
2022-10-03,0.44527882512905487
2022-10-04,0.4637889982263014
2022-10-05,0.48141202277957346
2022-10-06,0.484301106505202
2022-10-07,0.48377251785614794
2022-10-10,0.4949245250708674
2022-10-11,0.49539953225027733
2022-10-12,0.49644110460251956
2022-10-13,0.4818146516352526
2022-10-14,0.5058960176954524
2022-10-17,0.5062530910148265
2022-10-18,0.5200160935273016
2022-10-19,0.5211017286232908
2022-10-20,0.5226676467439
2022-10-21,0.5263261819685616
2022-10-24,0.5396231108523089
2022-10-25,0.5586526676705523
2022-10-26,0.565780500708329
2022-10-27,0.5406636789509068
2022-10-28,0.536861299262959
2022-10-31,0.5376911571098698
2022-11-01,0.5394323118796747
2022-11-02,0.5339024979104395
2022-11-03,0.5356297659071093
2022-11-04,0.5251600109389221
2022-11-07,0.532280318778912
2022-11-08,0.5327383174968235
2022-11-09,0.5353077490991442
2022-11-10,0.542164590998185
2022-11-11,0.5602541962665918
2022-11-14,0.54803825102919
2022-11-15,0.5467901530114815
2022-11-16,0.5418598467588308
2022-11-17,0.5447962586271556
2022-11-18,0.5443051119180453
2022-11-21,0.5395735301678799
2022-11-22,0.5218958463416454
2022-11-23,0.5248616578445997
2022-11-25,0.5219180197241774
2022-11-28,0.5197846622467972
2022-11-29,0.529464311135484
2022-11-30,0.5296222946889031
2022-12-01,0.5335235101894648
2022-12-02,0.5325090332025042
2022-12-05,0.5319253597261833
2022-12-06,0.5327402232573206
2022-12-07,0.5356314289781805
2022-12-08,0.5034922967634322
2022-12-09,0.5033444559440605
2022-12-12,0.5085574755120752
2022-12-13,0.5151027637121987
2022-12-14,0.5159134171706544
2022-12-15,0.5133024963282624
2022-12-16,0.5181925356121094
2022-12-19,0.5230272332823357
2022-12-20,0.5187938105418275
2022-12-21,0.5171885479427335
2022-12-22,0.5255973315288606
2022-12-23,0.5247774419439493
2022-12-27,0.5191863895511288
2022-12-28,0.5107363527252805
2022-12-29,0.5026999597844347
2022-12-30,0.48779518324346344
2023-01-03,0.4910508411053504
2023-01-04,0.4909240985689984
2023-01-05,0.4756541524570197
2023-01-06,0.4721774922819594
2023-01-09,0.48157679475741977
2023-01-10,0.48059258600038957
2023-01-11,0.46316432683124387
2023-01-12,0.45619611539569277
2023-01-13,0.4428652723680171
2023-01-17,0.4420274333219848
2023-01-18,0.4329248448926867
2023-01-19,0.44140873314653084
2023-01-20,0.41963756604487806
2023-01-23,0.41822075372358675
2023-01-24,0.4150174685153531
2023-01-25,0.43180888161791653
2023-01-26,0.4422069602681133
2023-01-27,0.4324482209742356
2023-01-30,0.4284568351188833
2023-01-31,0.4349292934762776
2023-02-01,0.42986842418456206
2023-02-02,0.43807634583473587
2023-02-03,0.41498000932709544
2023-02-06,0.4059297590101981
2023-02-07,0.4030851360771065
2023-02-08,0.3873843689589605
2023-02-09,0.3294744564465919
2023-02-10,0.3400935489958621
2023-02-13,0.342210412865906
2023-02-14,0.34432982567942855
2023-02-15,0.34354883075183945
2023-02-16,0.3432944893782648
2023-02-17,0.3520578047549883
2023-02-21,0.3482371675349112
2023-02-22,0.34899727344247733
2023-02-23,0.34881261696851507
2023-02-24,0.3490079926032996
2023-02-27,0.3458434323294621
2023-02-28,0.3476594116077197
2023-03-01,0.3248812355597387
2023-03-02,0.3239201907582944
2023-03-03,0.32739796076114536
2023-03-06,0.32773608477024413
2023-03-07,0.3151477664065407
2023-03-08,0.32895556082278254
2023-03-09,0.32734188601611175
2023-03-10,0.3358586154942997
2023-03-13,0.3196039123677543
2023-03-14,0.3063081626902569
2023-03-15,0.3162925745324491
2023-03-16,0.2855434703844589
2023-03-17,0.290745523041152
2023-03-20,0.2952544394799913
2023-03-21,0.2990310794952686
2023-03-22,0.29245277688209287
2023-03-23,0.29428384523107687
2023-03-24,0.2910677714970333
2023-03-27,0.29163136996891403
2023-03-28,0.2856700248610691
2023-03-29,0.27933196975719965
2023-03-30,0.28412747494612545
2023-03-31,0.29025268296713347
2023-04-03,0.30135037549972676
2023-04-04,0.3019107405175381
2023-04-05,0.2860299925169811
2023-04-06,0.2810985247144113
2023-04-10,0.28166352910815745
2023-04-11,0.279329709771624
2023-04-12,0.27934436612944713
2023-04-13,0.2785347350944406
2023-04-14,0.29497574706191826
2023-04-17,0.26915305271415746
2023-04-18,0.26715831282977276
2023-04-19,0.2616185831166667
2023-04-20,0.26180237118316363
2023-04-21,0.26254166805258605
2023-04-24,0.2599780953328298
2023-04-25,0.26028756004042075
2023-04-26,0.2650050643509557
2023-04-27,0.25745720191019156
2023-04-28,0.25977830075813907
2023-05-01,0.2621385355874171
2023-05-02,0.27673127374779466
2023-05-03,0.28293887484138813
2023-05-04,0.28953602420716923
2023-05-05,0.2894665192069841
2023-05-08,0.30227264730331016
2023-05-09,0.29960353896009095
2023-05-10,0.3002809326929558
2023-05-11,0.2961021357124413
2023-05-12,0.2979587905933056
2023-05-15,0.29953504663041586
2023-05-16,0.28829980381813103
2023-05-17,0.29639944714191746
2023-05-18,0.286231165431287
2023-05-19,0.2831470078474493
2023-05-22,0.285501539362608
2023-05-23,0.2692653919190329
2023-05-24,0.26635749299515055
2023-05-25,0.2658986303761032
2023-05-26,0.25389888556795437
2023-05-30,0.2507220230488759
2023-05-31,0.24501280389370947
2023-06-01,0.24535118207402792
2023-06-02,0.23161944327510656
2023-06-05,0.24618779303380528
2023-06-06,0.22513663081997948
2023-06-07,0.22137123041748377
2023-06-08,0.22138960520534678
2023-06-09,0.21535251943543246
2023-06-12,0.22575354172590478
2023-06-13,0.21605108791195965
2023-06-14,0.20940790883249252
2023-06-15,0.2019755706178466
2023-06-16,0.2053336297073832
2023-06-20,0.18859377960636137
2023-06-21,0.1955278882756901
2023-06-22,0.19820268346873177
2023-06-23,0.19690124455422348
2023-06-26,0.20441373026498877
2023-06-27,0.1971418332082027
2023-06-28,0.19780068615816157
2023-06-29,0.19001974645040398
2023-06-30,0.1869577901793093
2023-07-03,0.19109011389120556
2023-07-05,0.19592664741265953
2023-07-06,0.19698800865388985
2023-07-07,0.20807736692841353
2023-07-10,0.2075250200361762
2023-07-11,0.2056765250914401
2023-07-12,0.1991220593258507
2023-07-13,0.21378229213676592
2023-07-14,0.22018327078235553
2023-07-17,0.21658697454667736
2023-07-18,0.2153747846888068
2023-07-19,0.21311607897170012
2023-07-20,0.21578904949926986
2023-07-21,0.2103108456246177
2023-07-24,0.20403062992044804
2023-07-25,0.2101371779782967
2023-07-26,0.1993087016869258
2023-07-27,0.19146344759629969
2023-07-28,0.19767418254789235
2023-07-31,0.1931090363196024
2023-08-01,0.179994629785156
2023-08-02,0.17149969718243624
2023-08-03,0.16535368483856128
2023-08-04,0.1646287582578449
2023-08-07,0.16125918448127982
2023-08-08,0.1678798891649825
2023-08-09,0.17069568890783784
2023-08-10,0.17204937925615774
2023-08-11,0.17313058368932255
2023-08-14,0.171250439477796
2023-08-15,0.16544962821613612
2023-08-16,0.18395103061302528
2023-08-17,0.1890118186784455
2023-08-18,0.19219047158283803
2023-08-21,0.1943074948182467
2023-08-22,0.19001592015636487
2023-08-23,0.20075631849573408
2023-08-24,0.1999626339729474
2023-08-25,0.20626335343248187
2023-08-28,0.20801446117977576
2023-08-29,0.20661240298544936
2023-08-30,0.1876595967433592
2023-08-31,0.18693620626535498
2023-09-01,0.19192320525196363
2023-09-05,0.19738447313945373
2023-09-06,0.19619490891596963
2023-09-07,0.1993156701239899
2023-09-08,0.19938791641814552
2023-09-11,0.19757086682729338
2023-09-12,0.19662838948155467
2023-09-13,0.18052422306217564
2023-09-14,0.17951442992022604
2023-09-15,0.18170145285905126
2023-09-18,0.1911300545286326
2023-09-19,0.1972413865036327
2023-09-20,0.19132202272050083
2023-09-21,0.1974597509686756
2023-09-22,0.21357822948062874
2023-09-25,0.21432554459235012
2023-09-26,0.2176289287234282
2023-09-27,0.22425955031087683
2023-09-28,0.22064833231911088
2023-09-29,0.22079039202382408
2023-10-02,0.20762644493242255
2023-10-03,0.20558187262546967
2023-10-04,0.2116945646578485
2023-10-05,0.20234939205258723
2023-10-06,0.19206824539929787
2023-10-09,0.19378856914956574
2023-10-10,0.20314377543268472
2023-10-11,0.2055460962734513
2023-10-12,0.20126260116813244
2023-10-13,0.20123616311818046
2023-10-16,0.19996287170494
2023-10-17,0.20675171444729465
2023-10-18,0.19675476725888644
2023-10-19,0.1919079299024722
2023-10-20,0.2017582351635072
2023-10-23,0.2039404503345125
2023-10-24,0.1985101120752477
2023-10-25,0.20106237222050224
2023-10-26,0.19750679819966735
2023-10-27,0.1910249390827975
2023-10-30,0.1947469688200398
2023-10-31,0.21923768835048693
2023-11-01,0.20273064508004537
2023-11-02,0.20418182557444117
2023-11-03,0.22952329727124435
2023-11-06,0.22570117437098455
2023-11-07,0.22440953019293444
2023-11-08,0.2240603202937153
2023-11-09,0.21228500136410597
2023-11-10,0.2108988569974543
2023-11-13,0.22246897861930454
2023-11-14,0.22186257673760143
2023-11-15,0.23214412037970528
2023-11-16,0.22952266984148567
2023-11-17,0.22729199697755412
2023-11-20,0.22212988583738788
2023-11-21,0.2197119063161612
2023-11-22,0.2170683296962554
2023-11-24,0.21336031902350647
2023-11-27,0.21324723305389454
2023-11-28,0.21326254451448595
2023-11-29,0.21444057685817394
2023-11-30,0.21264025736127393
2023-12-01,0.2144339630426557
2023-12-04,0.21334164583790244
2023-12-05,0.21374535468396405
2023-12-06,0.21252316805045396
2023-12-07,0.21925470000384684
2023-12-08,0.22065723089054598
2023-12-11,0.21470810498149515
2023-12-12,0.2079244168660374
2023-12-13,0.20818277290701448
2023-12-14,0.2080821536700438
2023-12-15,0.19233050040886235
2023-12-18,0.17898232470115777
2023-12-19,0.17842073441899747
2023-12-20,0.17961780015450876
2023-12-21,0.17988714176159323
2023-12-22,0.18615529577928192
2023-12-26,0.18717064235098393
2023-12-27,0.18829959539657481
2023-12-28,0.19290043809200708
2023-12-29,0.1862295862104656
2024-01-02,0.18992804938559957
2024-01-03,0.18804407731703798
2024-01-04,0.18391713774149998
2024-01-05,0.18635455621985955
2024-01-08,0.1855815234519817
2024-01-09,0.1813641663072408
2024-01-10,0.18133654801858026
2024-01-11,0.18659592302985314
2024-01-12,0.18366961463487436
2024-01-16,0.18363373414654818
2024-01-17,0.19528478152364753
2024-01-18,0.19451427336626456
2024-01-19,0.18554858816754452
2024-01-22,0.18512551894817134
2024-01-23,0.1886324762047764
2024-01-24,0.18769741802284465
2024-01-25,0.1772729059913445
2024-01-26,0.17201104922419425
2024-01-29,0.15368249094506573
2024-01-30,0.1592627280109059
2024-01-31,0.15550548670062347
2024-02-01,0.14394618498260148
2024-02-02,0.146072987720621
2024-02-05,0.14251442527732724
2024-02-06,0.1443872320328581
2024-02-07,0.14494751805796557
2024-02-08,0.14055093832872279
2024-02-09,0.13129232476855401
2024-02-12,0.129370980006943
2024-02-13,0.12054936421359325
2024-02-14,0.14316068273780316
2024-02-15,0.14546179039856896
2024-02-16,0.1496995640646401
2024-02-20,0.15071252881195027
2024-02-21,0.14891936328563718
2024-02-22,0.14929379392348902
2024-02-23,0.15385530857611873
2024-02-26,0.1516935235655904
2024-02-27,0.15580569461158889
2024-02-28,0.1579528619392303
2024-02-29,0.15355932854266394
2024-03-01,0.1557206027074908
2024-03-04,0.15435154133420975
2024-03-05,0.15150714335343302
2024-03-06,0.14853540981882155
2024-03-07,0.1465686385930546
2024-03-08,0.1469107261392787
2024-03-11,0.1466214921345962
2024-03-12,0.1477722505357135
2024-03-13,0.14605231347844827
2024-03-14,0.162981286292793
2024-03-15,0.15973085869612139
2024-03-18,0.16016328870015176
2024-03-19,0.1555510677536934
2024-03-20,0.13972171032936598
2024-03-21,0.1381247019483501
2024-03-22,0.1334514888550209
2024-03-25,0.1321026390413018
2024-03-26,0.1306983273966234
2024-03-27,0.13096578552470217
2024-03-28,0.1393266993573912
2024-04-01,0.14274044706259043
2024-04-02,0.1450597510015726
2024-04-03,0.1460319732825408
2024-04-04,0.14453768234057826
2024-04-05,0.15703193764614162
2024-04-08,0.15970006065834202
2024-04-09,0.16066440703068546
2024-04-10,0.1589709340914614
2024-04-11,0.16711780366312648
2024-04-12,0.14575097898520356
2024-04-15,0.15936890805658385
2024-04-16,0.15906164787941113
2024-04-17,0.15377542392724444
2024-04-18,0.1521414015150439
2024-04-19,0.1552276376156118
2024-04-22,0.15405000387406886
2024-04-23,0.16353294140367242
2024-04-24,0.16354038615703836
2024-04-25,0.16064775319679797
2024-04-26,0.1595432151416739
2024-04-29,0.1495956552537333
2024-04-30,0.1496976629908031
2024-05-01,0.17392232677742245
2024-05-02,0.16518000429245433
2024-05-03,0.16630657279444502
2024-05-06,0.16605094592145736
2024-05-07,0.16903903855932062
2024-05-08,0.17077970866625714
2024-05-09,0.1706047982422392
2024-05-10,0.15555385206315733
2024-05-13,0.15562039290005608
2024-05-14,0.1501537305450893
2024-05-15,0.14873171090289874
2024-05-16,0.15259861995543575
2024-05-17,0.1490121475901961
2024-05-20,0.1473259789145927
2024-05-21,0.14805715163173652
2024-05-22,0.14424914902291602
2024-05-23,0.14288451212011413
2024-05-24,0.161828422035987
2024-05-28,0.16238761307547575
2024-05-29,0.1618074564215587
2024-05-30,0.17743016583125457
2024-05-31,0.1751187059093185
2024-06-03,0.18829508140302312
2024-06-04,0.18311477239523263
2024-06-05,0.18006128975222185
2024-06-06,0.1807337526839791
2024-06-07,0.18049940367188474
2024-06-10,0.18037168133250786
2024-06-11,0.18187680456311417
2024-06-12,0.17772489711036144
2024-06-13,0.17746688436066216
2024-06-14,0.17528422739315155
2024-06-17,0.17386474545111189
2024-06-18,0.17716660650304628
2024-06-20,0.1766149022653175
2024-06-21,0.17731550556437972
2024-06-24,0.17547199931793478
2024-06-25,0.1695708717426853
2024-06-26,0.16833453524760683
2024-06-27,0.16716347509262516
2024-06-28,0.1671117556561821
2024-07-01,0.1667227800103817
2024-07-02,0.15658374209140213
2024-07-03,0.15316008414721255
2024-07-05,0.1530259203024471
2024-07-08,0.15040372681221428
2024-07-09,0.1464215097252131
2024-07-10,0.150060474554584
2024-07-11,0.1408250797288096
2024-07-12,0.14028582888330055
2024-07-15,0.14447122491650585
2024-07-16,0.1428902755954652
2024-07-17,0.15034023215423123
2024-07-18,0.14910108435603417
2024-07-19,0.1494328534939661
2024-07-22,0.1530659169802679
2024-07-23,0.1552741680481923
2024-07-24,0.155238857529341
2024-07-25,0.15521670960780243
2024-07-26,0.1532166346423886
2024-07-29,0.1378288368428079
2024-07-30,0.144503110825632
2024-07-31,0.13491457089461628
2024-08-01,0.12970465410868956
2024-08-02,0.12832363936583574
2024-08-05,0.1303475212816143
2024-08-06,0.1786068517457443
2024-08-07,0.17140284957605714
2024-08-08,0.17075436941904792
2024-08-09,0.18331066368482615
2024-08-12,0.1834826891599741
2024-08-13,0.1810462114551489
2024-08-14,0.18503571871426988
2024-08-15,0.18542747674190796
2024-08-16,0.1898156091244163
2024-08-19,0.1898305297602858
2024-08-20,0.19401387914234508
2024-08-21,0.1802437467861562
2024-08-22,0.18161825907605453
2024-08-23,0.18267642142774396
2024-08-26,0.1801948446274475
2024-08-27,0.18084142245456938
2024-08-28,0.17295086057728737
2024-08-29,0.1783834949660959
2024-08-30,0.1801099542986998
2024-09-03,0.1835606532826943
2024-09-04,0.19259942489443768
2024-09-05,0.19238078340961742
2024-09-06,0.19386385827763147
2024-09-09,0.2093652592617978
2024-09-10,0.21778297493442506
2024-09-11,0.21086751696874645
2024-09-12,0.20833378044297318
2024-09-13,0.20850360218887784
2024-09-16,0.20882713190527746
2024-09-17,0.21032371368838798
2024-09-18,0.21002992977305776
2024-09-19,0.2087912226146461
2024-09-20,0.2082344619018708
2024-09-23,0.20944529516081795
2024-09-24,0.2098188032887718
2024-09-25,0.21109697801355337
2024-09-26,0.21776749745640042
2024-09-27,0.21529338306454682
2024-09-30,0.2144265591212781
2024-10-01,0.21649003071964204
2024-10-02,0.2116014931032515
2024-10-03,0.2133447965219152
2024-10-04,0.20660129723080287
2024-10-07,0.20914034549890098
2024-10-08,0.20936632745522551
2024-10-09,0.20727382640123646
2024-10-10,0.20368657567385712
2024-10-11,0.2039774237194291
2024-10-14,0.2018937949581119
2024-10-15,0.2007657748813884
2024-10-16,0.19815091795996873
2024-10-17,0.1973294627598832
2024-10-18,0.20371667258064732
2024-10-21,0.20813557895471874
2024-10-22,0.20160736096098078
2024-10-23,0.20049690138576365
2024-10-24,0.2053949817605544
2024-10-25,0.21147618169098562
2024-10-28,0.21738505063824579
2024-10-29,0.23180569170251733
2024-10-30,0.1735068762290418
2024-10-31,0.17534793667619106
2024-11-01,0.17826598760278647
2024-11-04,0.16025385026413685
2024-11-05,0.15930178280035276
2024-11-06,0.1622777613682371
2024-11-07,0.1515875313508742
2024-11-08,0.14660551722111415
2024-11-11,0.14252493573308853
2024-11-12,0.1414408488630532
2024-11-13,0.13978743687680992
2024-11-14,0.13960625737402518
2024-11-15,0.13884683330453568
2024-11-18,0.14211203122961996
2024-11-19,0.13681647798740482
2024-11-20,0.13483647706143606
2024-11-21,0.13378214610652128
2024-11-22,0.13035492824501713
2024-11-25,0.13170149241120604
2024-11-26,0.12639796080039248
2024-11-27,0.11486715172159143
2024-11-29,0.11479163564642333
2024-12-02,0.11464878121502144
2024-12-03,0.10139504398493805
2024-12-04,0.09531162011238525
2024-12-05,0.09801141685979582
2024-12-06,0.09820028090037589
2024-12-09,0.09908006980901753
2024-12-10,0.09739608232828596
2024-12-11,0.09411786247865621
2024-12-12,0.09176354259096711
2024-12-13,0.09049843705041315
2024-12-16,0.08854093883193023
2024-12-17,0.08877638507843981
2024-12-18,0.08697580487103597
2024-12-19,0.11712997170494788
2024-12-20,0.11266723523425742
2024-12-23,0.120822759863279
2024-12-24,0.12180952982843356
2024-12-26,0.1265336653383322
2024-12-27,0.1305616784916988
2024-12-30,0.1326952772549196
