date,instability,regime,window_idx,ann_ret_static,ann_vol_static,sharpe_static,dd_static,calmar_static,hhi_static,effn_static,gs_static,ann_ret_equal,ann_vol_equal,sharpe_equal,dd_equal,calmar_equal,hhi_equal,effn_equal,gs_equal,ann_ret_shrunk,ann_vol_shrunk,sharpe_shrunk,dd_shrunk,calmar_shrunk,hhi_shrunk,effn_shrunk,gs_shrunk,ann_ret_minvar,ann_vol_minvar,sharpe_minvar,dd_minvar,calmar_minvar,hhi_minvar,effn_minvar,gs_minvar,ann_ret_regime,ann_vol_regime,sharpe_regime,dd_regime,calmar_regime,hhi_regime,effn_regime,gs_regime
2012-01-04,0.7769874739725618,shrunk_mv,0,0.13621378657144312,0.11258392377814049,1.2098866516667868,-0.04499654177055662,3.0272056742941587,0.3997023130303816,2.501861929240298,,0.17646728044100576,0.07216460521186988,2.4453439455937027,-0.022557384143975963,7.82303831484521,0.10000000000000003,9.999999999999996,,0.031812410603483256,0.025017548163402688,1.2716038516524388,-0.012531619126949011,2.538571455229697,0.5130876028558229,1.948984918820966,,0.03189382611218981,0.024850020599963205,1.283452703143314,-0.012449460939306158,2.5618640250914626,0.5279405247652312,1.8941527560224476,,0.031812410603483256,0.025017548163402688,1.2716038516524388,-0.012531619126949011,2.538571455229697,0.5130876028558229,1.948984918820966,
2012-04-04,-0.05816517112452917,shrunk_mv,1,0.0028942994656822457,0.12795972718383486,0.02261883116962352,-0.06277252575985812,0.046107742689128775,0.6049477826354397,1.6530352349479245,0.4191477346576068,-0.030981220727215025,0.0978367427482736,-0.3166624302582039,-0.061457559530380845,-0.5041075656754611,0.10000000000000003,9.999999999999996,0.0,0.09368362918348065,0.018423251721181668,5.085075675092159,-0.0047614162615145315,19.675580549573997,0.5155069458101511,1.9398380722658122,0.01641733732502649,0.09221831047375434,0.018272901565153467,5.046725072367008,-0.004727285417024413,19.507667157486992,0.5390461965413736,1.8551285704568488,0.02636962331077143,0.09368362918348065,0.018423251721181668,5.085075675092159,-0.0047614162615145315,19.675580549573997,0.5155069458101511,1.9398380722658122,0.01641733732502649
2012-07-05,-0.031787820453915615,shrunk_mv,2,0.0662690262370558,0.0881361679926836,0.7518936634794123,-0.03836083957280757,1.7275176188800414,0.5657531970950939,1.767555190380862,0.9808815981610699,0.1489765798477139,0.0723190597525717,2.05999055238569,-0.020772681486721026,7.171754881186016,0.10000000000000003,9.999999999999996,0.0,0.07756061811644353,0.02105404122675284,3.6838826941161873,-0.008267068834969638,9.381876414087992,0.5007697702840038,1.9969256519475316,0.0717330302835858,0.07761732553517406,0.02076155291501114,3.7385125213372032,-0.00809613680859908,9.586958245657982,0.5431390064625041,1.841149297144129,0.054452003151550285,0.07756061811644353,0.02105404122675284,3.6838826941161873,-0.008267068834969638,9.381876414087992,0.5007697702840038,1.9969256519475316,0.0717330302835858
2012-10-03,-0.3311376275003269,shrunk_mv,3,-0.11247659525271085,0.09713933168254264,-1.1578893256162328,-0.056425449889728245,-1.9933663882613761,0.4681146988324781,2.136228583494801,1.3630291322736072,0.05001296335879023,0.06036127558725542,0.8285604118238662,-0.030177782277359753,1.6572776256097321,0.10000000000000003,9.999999999999996,0.0,0.006758952917412998,0.019581831592419406,0.3451644901302057,-0.006446116088630919,1.0485310572258904,0.5160706690832706,1.9377191146638193,0.026718220608560925,0.00663965766164782,0.019597019553667803,0.338809564559787,-0.006458875968311465,1.0279896524137182,0.513961552121329,1.9456708305759294,0.05333565833008874,0.006758952917412998,0.019581831592419406,0.3451644901302057,-0.006446116088630919,1.0485310572258904,0.5160706690832706,1.9377191146638193,0.026718220608560925
2013-01-07,-0.6456896933304805,shrunk_mv,4,0.13615948855530322,0.033262962097439404,4.093426440989897,-0.008505386993167349,16.008617675443165,0.5932309280244863,1.685684196085481,1.9303032350668345,0.03553136733746295,0.04228943128508896,0.8401949673414295,-0.01597414104959659,2.2243053461932623,0.10000000000000003,9.999999999999996,0.0,0.053713539401538966,0.017483249220368806,3.0722858619987052,-0.00679145415933969,7.908989465484569,0.4107754872287483,2.4344198499924867,0.20949121053935504,0.052724307145625024,0.017315103501055952,3.0449894303207405,-0.006722574457604984,7.842874404459752,0.43345317529769817,2.3070542725017393,0.17206700800482247,0.053713539401538966,0.017483249220368806,3.0722858619987052,-0.00679145415933969,7.908989465484569,0.4107754872287483,2.4344198499924867,0.20949121053935504
2013-04-09,-1.023905976883815,shrunk_mv,5,-0.22939311910670535,0.10312534081895974,-2.2244107731911718,-0.09507165990046232,-2.4128443675736206,0.5112847375319036,1.955857326833663,1.431789320722208,-0.20675590373408023,0.10596113987952574,-1.9512427288830108,-0.08664573478245893,-2.386221367424275,0.10000000000000003,9.999999999999996,0.0,-0.14885928772539941,0.05209493343664863,-2.8574619047440293,-0.053315980079202505,-2.7920200942431226,0.36754079268486395,2.720786426712144,0.09688343972395501,-0.14543425308394756,0.051088169402478775,-2.8467305598327264,-0.052258775669365196,-2.782963267338907,0.41379501496475657,2.4166555029310133,0.05279592334884213,-0.14885928772539941,0.05209493343664863,-2.8574619047440293,-0.053315980079202505,-2.7920200942431226,0.36754079268486395,2.720786426712144,0.09688343972395501
2013-07-09,0.9499418142187813,shrunk_mv,6,0.10455480851962082,0.06964115395586164,1.5013365313545401,-0.03494345451627018,2.9921142590792957,0.5843086621522989,1.7114242262240362,1.410629094597961,0.1341874145367563,0.08199145221140612,1.6366024862051294,-0.030801360615792403,4.356541784324815,0.10000000000000003,9.999999999999996,0.0,0.05504939149026892,0.04384980316184326,1.2554079498849653,-0.024480699582419732,2.248685390094056,0.47360394226210434,2.11146891054926,0.22139569028816458,0.05546966614995188,0.04392876239873212,1.2627186180768173,-0.024486097560529718,2.2653534730403924,0.4688634512902176,2.132817128842527,0.12428192052828019,0.05504939149026892,0.04384980316184326,1.2554079498849653,-0.024480699582419732,2.248685390094056,0.47360394226210434,2.11146891054926,0.22139569028816458
2013-10-07,1.100551558630769,equal_weight,7,0.326240668535919,0.10309319299679011,3.1645219150994457,-0.018248529635140575,17.877641380360224,1.0,1.0,0.5893535494499618,-0.00428565448888008,0.06597434675235422,-0.06495940770686223,-0.033704010302974284,-0.12715562481601436,0.10000000000000003,9.999999999999996,0.0,0.0261573341303077,0.029113969072577253,0.8984461742437434,-0.011140369318829065,2.3479772870812714,0.6876354153519622,1.4542590123694485,0.3165204445276717,0.026176770960369102,0.029104416618415455,0.8994088870967466,-0.011135828095406287,2.350680231061348,0.6897326680796663,1.4498370836692005,0.3273038455983955,-0.008843158305501028,0.06597434675235422,-0.13403934621278335,-0.0343335437128114,-0.2575661393845939,0.10000000000000003,9.999999999999996,1.139375954155245
2014-01-07,0.2358752896960545,shrunk_mv,8,0.06081219701515889,0.12050382197711576,0.5046495290971552,-0.057463622037953174,1.0582729535390942,1.0,1.0,0.0,0.13616556298022153,0.05476995809004281,2.4861359717742135,-0.01721241457962607,7.910892591525044,0.10000000000000003,9.999999999999996,0.0,0.07509993774204624,0.025252452608290985,2.9739660898280085,-0.007621763475201867,9.853354540112802,0.6798641915589992,1.4708819973396394,0.08384737705759462,0.07509830190202366,0.025252371166384794,2.973910901562871,-0.007621810727893242,9.853078826424978,0.6798661218684583,1.4708778211388533,0.08419770050728714,0.06967226435657324,0.025252452608290985,2.7590296054529837,-0.007899756467289316,8.819545848668453,0.6798641915589992,1.4708819973396394,1.4407657234258457
2014-04-08,-0.4904800851397428,shrunk_mv,9,0.26934596993788734,0.08781779210596478,3.06710022512161,-0.03008679699536673,8.95229791258158,1.0,1.0,0.0,0.13937958425204294,0.03432837322087911,4.060186113546152,-0.006985233210452706,19.95346183195076,0.10000000000000003,9.999999999999996,0.0,0.07031459944606566,0.018992481458182914,3.70223341277875,-0.005318374974283156,13.221068425236998,0.6768978351262007,1.4773278153763931,0.014388866281458842,0.07031458666430461,0.01899250404369902,3.7022283371650655,-0.0053183759896111025,13.2210634978905,0.6768988465610754,1.4773256079256323,0.014387548743406793,0.07031459944606566,0.018992481458182914,3.70223341277875,-0.005318374974283156,13.221068425236998,0.6768978351262007,1.4773278153763931,0.014388866281458842
2014-07-09,-0.84512260054745,shrunk_mv,10,0.019673076665092822,0.09733986807237618,0.20210708165810418,-0.03866216645650326,0.5088456873524134,1.0,1.0,0.0,-0.14371385537020923,0.04759200765265582,-3.019705670310999,-0.04368288410260047,-3.289935138729859,0.10000000000000003,9.999999999999996,0.0,0.008879072123949202,0.022264079603814775,0.39880705971011005,-0.012248834191414358,0.7248912006803764,0.6302551373807782,1.5866590221791954,0.0659222673431599,0.008879108349229298,0.022264083123197196,0.39880862374153,-0.012248833808438022,0.7248941807923482,0.6302554763456839,1.5866581688399608,0.06591943632365876,0.008879072123949202,0.022264079603814775,0.39880705971011005,-0.012248834191414358,0.7248912006803764,0.6302551373807782,1.5866590221791954,0.0659222673431599
2014-10-07,-0.4986298172089097,shrunk_mv,11,0.09331226652685257,0.14425369108903996,0.6468622454121883,-0.053146134911406163,1.7557676900192791,1.0,1.0,0.0,-0.11844698751514385,0.06925223729202044,-1.7103705547545083,-0.04406270186437727,-2.688146266647869,0.10000000000000003,9.999999999999996,0.0,0.001068110925091437,0.027451848119686005,0.03890852522695853,-0.013215691129721261,0.08082142012908598,0.6079570211608915,1.6448531149299075,0.03358717949394686,0.0010666912309974027,0.02745193133455592,0.03885669164758087,-0.013215892267511818,0.08071276682692198,0.6079479198268877,1.6448777393378509,0.033600387518428934,0.001068110925091437,0.027451848119686005,0.03890852522695853,-0.013215691129721261,0.08082142012908598,0.6079570211608915,1.6448531149299075,0.03358717949394686
2015-01-07,-0.27936033825148193,shrunk_mv,12,0.17791453646263203,0.13186052951726693,1.3492630214209356,-0.03558811922363784,4.999267742827503,0.9999999999217233,1.0000000000782767,7.82768186387938e-11,0.13541846123348825,0.08224931513741078,1.6464387698213634,-0.03385624073162401,3.999807961756318,0.10000000000000003,9.999999999999996,0.0,0.061321796666429715,0.03780756597397301,1.6219451077237839,-0.013263713956050641,4.623274964283736,0.6137127428578719,1.6294268151306537,0.028977569947706023,0.0613218305454698,0.03780756845843833,1.621945897231677,-0.01326367664914209,4.6232905224989915,0.6137090194169058,1.629436701044601,0.02898081459303521,0.061321796666429715,0.03780756597397301,1.6219451077237839,-0.013263713956050641,4.623274964283736,0.6137127428578719,1.6294268151306537,0.028977569947706023
2015-04-09,0.49487002698693844,shrunk_mv,13,-0.04749782948181505,0.10702269089076825,-0.4438108319505186,-0.03817969941991451,-1.2440598067422242,1.0,1.0,7.82768186387938e-11,-0.15775171997286985,0.06262593250431364,-2.5189520325626127,-0.050353996818308405,-3.132853992545678,0.10000000000000003,9.999999999999996,0.0,-0.062115697414797263,0.03418340434632567,-1.817130230373734,-0.023688483396696977,-2.6221897102732385,0.6255033190432108,1.5987125400543531,0.04221059147936225,-0.06211518827059348,0.034183417842068124,-1.8171146184847227,-0.023688430162681885,-2.6221741096397375,0.6255059913547804,1.5987057099710666,0.04221744789045627,-0.062115697414797263,0.03418340434632567,-1.817130230373734,-0.023688483396696977,-2.6221897102732385,0.6255033190432108,1.5987125400543531,0.04221059147936225
2015-07-09,0.04577645388795961,shrunk_mv,14,-0.11329399332092982,0.2140440608663074,-0.5293022047067851,-0.1209906093650172,-0.9363866660025869,0.9998314848618188,1.0001685435403191,0.00016852320983771604,-0.09295095009981988,0.10186203154033342,-0.9125181256866539,-0.07121187846778201,-1.305273110326294,0.10000000000000003,9.999999999999996,0.0,-0.015312517153096084,0.027551368072195968,-0.5557806462811924,-0.015292270039565578,-1.0013240096779694,0.5718558130522549,1.748692550072272,0.13177539357139648,-0.015317058907762932,0.027551323951918866,-0.5559463833568747,-0.015293050824048084,-1.001569868824152,0.5718352855283428,1.7487553239672113,0.13183627359805705,-0.015312517153096084,0.027551368072195968,-0.5557806462811924,-0.015292270039565578,-1.0013240096779694,0.5718558130522549,1.748692550072272,0.13177539357139648
2015-10-07,0.14269708774756004,shrunk_mv,15,0.1581490360719639,0.15694418005340563,1.0076769716350633,-0.0608603200047195,2.5985574190162,0.7817872011395307,1.279120454443873,1.7507370768311588,-0.18201428817345713,0.07525372232773066,-2.4186748846892017,-0.06008511399019511,-3.02927424258792,0.10000000000000003,9.999999999999996,0.0,-0.051227665948263175,0.03322071919181371,-1.5420396425639922,-0.028227694442538698,-1.8148016322248366,0.5678430041156836,1.7610501366611455,0.11746780887957867,-0.051227421848074425,0.033220718216946665,-1.5420323399854168,-0.02822765874023837,-1.8147952800297256,0.5678430220780029,1.7610500809546499,0.11740749188480551,-0.051227665948263175,0.03322071919181371,-1.5420396425639922,-0.028227694442538698,-1.8148016322248366,0.5678430041156836,1.7610501366611455,0.11746780887957867
2016-01-07,0.03738689946096493,shrunk_mv,16,0.17280057294368995,0.19703952157941793,0.876984330648822,-0.09218740703435353,1.8744487832193393,0.99984842205721,1.0001516009221458,0.24918125865673288,0.15031861377448918,0.1028112164033207,1.462083798180157,-0.032538931596258064,4.619654254160442,0.10000000000000003,9.999999999999996,0.0,0.11317616388050386,0.03177892266801035,3.5613593658551084,-0.006770072946876233,16.717126206553544,0.6009824379351678,1.6639421335434714,0.11891843413854461,0.11317555048282721,0.031778732061601755,3.5613614244722256,-0.0067700024540558925,16.717209668812455,0.6010006019323576,1.6638918443421953,0.11892288220708434,0.11317616388050386,0.03177892266801035,3.5613593658551084,-0.006770072946876233,16.717126206553544,0.6009824379351678,1.6639421335434714,0.11891843413854461
2016-04-08,0.3212869848859534,shrunk_mv,17,0.2529871299846358,0.10702541375787936,2.3638042694883814,-0.04818638862085274,5.250178260405163,0.6363494939937336,1.5714634951997737,0.4777639641551576,0.18049434505103987,0.08110420526718892,2.225462224263477,-0.02360131616129083,7.647638962909774,0.10000000000000003,9.999999999999996,0.0,0.12077073385125753,0.022529564303917844,5.360544581426093,-0.005471253856809207,22.07368493804272,0.6468496068478615,1.5459544064238708,0.08236487279871753,0.12077083601346805,0.022529564314155755,5.360549113574533,-0.005471251035716695,22.07371499225093,0.6468496062081618,1.5459544079527372,0.08233934395937223,0.12077073385125753,0.022529564303917844,5.360544581426093,-0.005471253856809207,22.07368493804272,0.6468496068478615,1.5459544064238708,0.08236487279871753
2016-07-08,-0.10588792830026635,shrunk_mv,18,-0.21708552104291456,0.12863039017259767,-1.6876689929310393,-0.08604856150198927,-2.5228256841678403,0.6327022436949485,1.5805222914337262,0.007030189090249465,0.050893758197625066,0.07279116163486284,0.6991749692485996,-0.02772933923147315,1.8353758008001868,0.10000000000000003,9.999999999999996,0.0,0.007869864334086141,0.03158578334335917,0.24915843462026283,-0.011468304492968335,0.6862273615870125,0.6185335541354363,1.616727165913842,0.050692350433469306,0.007869590346418006,0.031585639603941604,0.24915089404857113,-0.01146823485909296,0.6862076372789268,0.6185503110104529,1.6166833678677126,0.050671667107582176,0.007869864334086141,0.03158578334335917,0.24915843462026283,-0.011468304492968335,0.6862273615870125,0.6185335541354363,1.616727165913842,0.050692350433469306
2016-10-06,0.6789212102942915,shrunk_mv,19,0.07993779918589419,0.1293877530267458,0.6178158080337806,-0.05959958694704605,1.341247536781061,0.5940244157033874,1.6834324878984896,0.08155199282121803,-0.00851266074792897,0.06687714984251257,-0.127288031382546,-0.040644363195599435,-0.20944259126319972,0.10000000000000003,9.999999999999996,0.0,-0.047154430973456216,0.03694669703523083,-1.2762827196296251,-0.030380547357399767,-1.5521257868966882,0.6468750563805876,1.5458935850691575,0.046020105092205915,-0.047153533154660726,0.03694676908866863,-1.2762559302952001,-0.030380596264465345,-1.5520937358893723,0.6468422435805302,1.5459720046492333,0.04595081656380446,-0.047154430973456216,0.03694669703523083,-1.2762827196296251,-0.030380547357399767,-1.5521257868966882,0.6468750563805876,1.5458935850691575,0.046020105092205915
2017-01-06,0.21126395848144153,shrunk_mv,20,0.1558490668945713,0.06332935059575552,2.4609294968045456,-0.021772075312411876,7.15820906635044,0.8377793751020908,1.193631676451979,2.0,0.08912953641309007,0.049714325863408494,1.7928340546742196,-0.024226147040616233,3.6790636275615913,0.10000000000000003,9.999999999999996,0.0,0.035235768004033455,0.028844389641038384,1.2215813349678835,-0.015604720182445972,2.258019855022508,0.6145093711693179,1.627314483580864,0.08228649707470762,0.035236248448025795,0.028844472148200125,1.2215944971010506,-0.015604806162236026,2.258038201928986,0.6144802882390888,1.627391503258293,0.08228411240503607,0.035235768004033455,0.028844389641038384,1.2215813349678835,-0.015604720182445972,2.258019855022508,0.6145093711693179,1.627314483580864,0.08228649707470762
2017-04-07,-0.1358049332715285,shrunk_mv,21,0.1296118420518059,0.07705711215058776,1.6820230921516213,-0.018671942588080526,6.9415295939558685,0.9933643225233888,1.0066800038275534,0.178076189538117,0.011288673287760486,0.04317396695694816,0.2614694475264973,-0.017108062915727605,0.6598452053495023,0.10000000000000003,9.999999999999996,0.0,0.03116575357473987,0.022243390467309894,1.4011242405038373,-0.0086795736631587,3.590700970374382,0.5592796143707213,1.7880143926310623,0.11082230218417266,0.031163300999701878,0.022243537889425197,1.4010046942450296,-0.008679817881034549,3.5903173807130067,0.5592339066341582,1.7881605320011182,0.11085172836303259,0.03116575357473987,0.022243390467309894,1.4011242405038373,-0.0086795736631587,3.590700970374382,0.5592796143707213,1.7880143926310623,0.11082230218417266
2017-07-10,-0.6043313609866257,shrunk_mv,22,0.22192441070729532,0.0680470721537475,3.261336655394562,-0.021094205576776864,10.520633730412555,0.9999239795594873,1.0000760262200594,0.0066578389253795865,0.17269671523398142,0.03747672153035413,4.608106263887207,-0.008666026328860368,19.928016449575225,0.10000000000000003,9.999999999999996,0.0,0.0612508540902009,0.0199937234119714,3.0635041221749857,-0.006008621303817614,10.193828333179328,0.5107490695087908,1.957908608549679,0.09343162419338963,0.06125176032622935,0.019995377107767803,3.0632960806942857,-0.0060103820177511156,10.1909928762145,0.5103677726469719,1.9593713662867056,0.09390517679124841,0.0612508540902009,0.0199937234119714,3.0635041221749857,-0.006008621303817614,10.193828333179328,0.5107490695087908,1.957908608549679,0.09343162419338963
2017-10-06,-0.740783472603369,shrunk_mv,23,0.3071290083667246,0.06061858654031847,5.06658148755164,-0.011835417704765969,25.94999315005568,0.8116475324596717,1.2320618988017276,0.21048764825966382,0.1433551846153851,0.03991930359726413,3.591124385877562,-0.013244409346379686,10.823826179501976,0.10000000000000003,9.999999999999996,0.0,0.03284766902419042,0.020075774442988074,1.636184403120908,-0.006634432834472016,4.951089240592865,0.4582924629183854,2.182012755854735,0.12638085038479127,0.03285034873049267,0.0200753095805991,1.6363557731751963,-0.006634068559139331,4.951765034932726,0.45840508836315874,2.18147665762335,0.1257371090648532,0.03284766902419042,0.020075774442988074,1.636184403120908,-0.006634432834472016,4.951089240592865,0.4582924629183854,2.182012755854735,0.12638085038479127
2018-01-08,-0.5568730422098521,shrunk_mv,24,-0.17339825028935446,0.24723188918668204,-0.7013587561854667,-0.1255526508347039,-1.3810799623628942,1.0,1.0,1.7894903830442417,-0.0852981784642351,0.08513147947089053,-1.0019581357493212,-0.056980232122099725,-1.4969784307205776,0.10000000000000003,9.999999999999996,0.0,-0.05746235358279586,0.02928536309220869,-1.9621526768122468,-0.02261320588378092,-2.5410971747270086,0.40344347226221927,2.47866199047099,0.12775396685113383,-0.05744043981815496,0.02927872294159293,-1.961849221796348,-0.022605942584153067,-2.5409442496957033,0.4042258694499643,2.4738644297078607,0.12647655838509694,-0.05746235358279586,0.02928536309220869,-1.9621526768122468,-0.02261320588378092,-2.5410971747270086,0.40344347226221927,2.47866199047099,0.12775396685113383
2018-04-10,0.023855135169327784,shrunk_mv,25,-0.23159809335056952,0.16236361599473434,-1.4264162074222377,-0.11719926924497671,-1.976105267913145,1.0,1.0,0.0,0.05437179386077956,0.05230435170984085,1.0395271537329795,-0.017203181330502425,3.16056622413057,0.10000000000000003,9.999999999999996,0.0,0.03239746826319966,0.02364089088507469,1.3703996359821322,-0.012152266541723761,2.6659609671961806,0.35141955061588676,2.845601498970196,0.1996988780207628,0.03239502056620256,0.023640211117715297,1.370335501865576,-0.01215202206609359,2.665813178252096,0.35153143194262665,2.844695834093179,0.19982850172409206,0.03239746826319966,0.02364089088507469,1.3703996359821322,-0.012152266541723761,2.6659609671961806,0.35141955061588676,2.845601498970196,0.1996988780207628
2018-07-10,-0.36709232603813385,shrunk_mv,26,0.1503526603779361,0.06871263652521296,2.18813697132356,-0.01559286469773566,9.642401399132885,0.9999057554501004,1.000094253432772,1.9999887144066073,-0.06299416632238981,0.05358402527350757,-1.1756146724858818,-0.021092258299737,-2.986601312538226,0.10000000000000003,9.999999999999996,0.0,-0.029139407261950016,0.021015809405541073,-1.3865469894424842,-0.015056368006202678,-1.935354346409814,0.41009481299228023,2.438460493327001,0.15237479415260707,-0.029126391172807804,0.02101604718184826,-1.3859119615017097,-0.015053755403998073,-1.934825589438781,0.41039456412539616,2.4366794480602567,0.15285009159397603,-0.029139407261950016,0.021015809405541073,-1.3865469894424842,-0.015056368006202678,-1.935354346409814,0.41009481299228023,2.438460493327001,0.15237479415260707
2018-10-08,-0.33444638391324766,shrunk_mv,27,-0.4333296877624008,0.2522445308444147,-1.7178952753179018,-0.18577524493093642,-2.3325480632443516,1.0,1.0,9.42470177731429e-05,-0.1133249040988416,0.0914727260902007,-1.2388928256832819,-0.06740809755281646,-1.6811764196437649,0.10000000000000003,9.999999999999996,0.0,0.041377498077920315,0.028570378229775942,1.4482656738088557,-0.011493349531622263,3.6001252693199843,0.3582222012489743,2.7915634388751145,0.153001530754766,0.04138133935111245,0.028569677788714175,1.4484356336513966,-0.011491954194221613,3.6008966492330625,0.35829006140271463,2.7910347166342677,0.1535279804267261,0.041377498077920315,0.028570378229775942,1.4482656738088557,-0.011493349531622263,3.6001252693199843,0.3582222012489743,2.7915634388751145,0.153001530754766
2019-01-09,0.01971455604468782,shrunk_mv,28,0.4046176878437386,0.08917919764710584,4.537130839019942,-0.01850581686131441,21.864351672558367,0.7477711468820842,1.3373075494683264,0.29605235012526077,0.27396400163509027,0.050525468592252196,5.422295117063024,-0.010892681801276591,25.151198449860388,0.10000000000000003,9.999999999999996,0.0,0.12015862772654136,0.02295308653549005,5.234966005149336,-0.0037887331147877213,31.71472470772693,0.3846714821076084,2.599620836254919,0.12816168796621016,0.12016021306250699,0.022953752865643853,5.234883104555744,-0.0037886674846255154,31.715692535731737,0.3845843036402906,2.6002101243718982,0.1276828630508701,0.12015862772654136,0.02295308653549005,5.234966005149336,-0.0037887331147877213,31.71472470772693,0.3846714821076084,2.599620836254919,0.12816168796621016
2019-04-10,-0.4782151328722355,shrunk_mv,29,0.17253117829643932,0.11797432401352094,1.4624468479824955,-0.06719579689664937,2.567588841334842,0.9999999836586534,1.000000016341347,0.29605235012526077,0.1084325054142321,0.059653096833801364,1.8177179588234011,-0.023979440680447352,4.521894687170377,0.10000000000000003,9.999999999999996,0.0,0.1141110380498102,0.026831536659389185,4.252870027474898,-0.004916051988130838,23.211926628383164,0.3794068217540483,2.6356932523692294,0.020745273534325544,0.11411647038904868,0.026827182612438244,4.253762761362028,-0.004917247385458194,23.20738849270143,0.3796552283901801,2.633968730630196,0.01967811372809877,0.1141110380498102,0.026831536659389185,4.252870027474898,-0.004916051988130838,23.211926628383164,0.3794068217540483,2.6356932523692294,0.020745273534325544
2019-07-11,-0.017146868079420615,shrunk_mv,30,-0.07337592677701334,0.13372819900931923,-0.5486944961540978,-0.049094583895727344,-1.49458292452091,0.7711827076843943,1.2967095735363,0.2635445094326997,-0.010186329426453805,0.062263656348558814,-0.16359992367665674,-0.02304479781618271,-0.4420229462503974,0.10000000000000003,9.999999999999996,0.0,0.07768466474802978,0.030636327393646145,2.5357042229592204,-0.014002457304342408,5.547930842391385,0.3916580345145954,2.5532477617607365,0.05491697906119235,0.07772459835595097,0.030633549264859335,2.5372377743088097,-0.01400311066330642,5.550523753241453,0.3924237688865908,2.548265623250249,0.056551723606250985,0.07768466474802978,0.030636327393646145,2.5357042229592204,-0.014002457304342408,5.547930842391385,0.3916580345145954,2.5532477617607365,0.05491697906119235
2019-10-09,-0.29592528835758397,shrunk_mv,31,0.08793533201439495,0.07389186457228915,1.1900543114373157,-0.03499328774102969,2.512919982402529,0.44406502450149027,2.251922454650882,1.6118869046639754,0.19681113062367195,0.03523874222766103,5.585078189004797,-0.010606937119375878,18.55494459980852,0.10000000000000003,9.999999999999996,0.0,0.040676903834118525,0.023803071126959546,1.7088930927088457,-0.0061732649887999425,6.589204239234504,0.3852701638184222,2.595581215241209,0.034726942431984105,0.040678092993925455,0.023803371219195218,1.708921506089958,-0.0061729439586443455,6.5897395580534095,0.3852252041357079,2.5958841458559343,0.034942992620229624,0.040676903834118525,0.023803071126959546,1.7088930927088457,-0.0061732649887999425,6.589204239234504,0.3852701638184222,2.595581215241209,0.034726942431984105
2020-01-09,-0.743739137584308,shrunk_mv,32,-0.4196834778235573,0.451007228114128,-0.9305471213365029,-0.29636554368080714,-1.4161007808504438,0.3392782490547597,2.9474332727960983,0.6632091998419238,-0.49024950200062106,0.2998916474581269,-1.634755439692842,-0.21923615832713306,-2.2361708293989335,0.10000000000000003,9.999999999999996,0.0,-0.053025869472531253,0.145432499703264,-0.3646081142847961,-0.11514752133072237,-0.4605037855763508,0.3900032089162254,2.564081466865071,0.04264444497147368,-0.05302628120916566,0.14543929618347276,-0.3645939068783213,-0.11514516558757082,-0.4605167827809308,0.3901124923655742,2.563363182594267,0.04308283420937146,-0.053025869472531253,0.145432499703264,-0.3646081142847961,-0.11514752133072237,-0.4605037855763508,0.3900032089162254,2.564081466865071,0.04264444497147368
2020-04-09,4.004782645960931,equal_weight,33,0.05989847832922487,0.0479411157445171,1.2494176949996267,-0.02023776341679322,2.9597380449423247,0.9453934857899494,1.0577606203457417,1.9438127431238734,0.3324539661555582,0.14471850563275127,2.297245709537789,-0.04308742672137104,7.715799978156124,0.10000000000000003,9.999999999999996,0.0,0.14315869773097245,0.05368170544120974,2.66680606650537,-0.012098286741539465,11.832972782785607,0.2504685981734323,3.992516456324671,0.837919686916755,0.14315763264629414,0.05368169386421969,2.6667868008858155,-0.012098332381384216,11.832840108325321,0.2504700727585869,3.9924929512989764,0.8382339960475126,0.3268830872170768,0.14471850563275127,2.2587511236925035,-0.043194134799894604,7.567765594366632,0.10000000000000003,9.999999999999996,1.3927197346203435
2020-07-10,0.9427031796957378,shrunk_mv,34,0.16731334339976822,0.20252803260838204,0.8261243702657862,-0.10289316725232081,1.6260879888114668,0.9999933641486181,1.0000066358954167,1.9438379312086358,0.1381308007623586,0.08687194903116402,1.5900506700132424,-0.03983237537742504,3.4678022451215424,0.10000000000000003,9.999999999999996,0.0,0.03579302491314769,0.027397885422346446,1.3064155996489402,-0.011539580577474548,3.1017613398372785,0.26597378898877944,3.759768974987933,0.16680870979347426,0.03577462893379392,0.02740197524805069,1.305549275552274,-0.011539697770842603,3.100135691957705,0.2663572040287258,3.7543568744330003,0.16679355447243552,0.0320944642984862,0.027397885422346446,1.17142121750422,-0.012018383759084629,2.6704476194002518,0.26597378898877944,3.759768974987933,1.0914488634588408
2020-10-08,0.2612940264075893,shrunk_mv,35,0.05068738064012718,0.1713725868417777,0.2957729796477021,-0.09157869553898386,0.5534844140529411,1.0,1.0,6.635864695813025e-06,0.2713814740614216,0.07725067582278808,3.5129980569227217,-0.03749251621446673,7.238283835340646,0.10000000000000003,9.999999999999996,0.0,0.03320570831513246,0.028817750564292074,1.152265796771712,-0.012179770747688343,2.726299944638509,0.27427526437257144,3.645972239923229,0.029190741243894994,0.033127707510006536,0.02884798945702431,1.1483541187283726,-0.012205083262252047,2.7142549377327154,0.27519520182463747,3.6337842860982352,0.028806363046051532,0.03320570831513246,0.028817750564292074,1.152265796771712,-0.012179770747688343,2.726299944638509,0.27427526437257144,3.645972239923229,0.029190741243894994
2021-01-08,0.012129177234692201,shrunk_mv,36,-0.13125012423478272,0.13108478772610446,-1.0012612943999553,-0.0709691213321619,-1.8493976221078359,0.5464401477520875,1.8300265895793706,0.695237312808515,0.08272675627040828,0.08525607868881324,0.9703326442254393,-0.030774080384563435,2.6881958855188013,0.10000000000000003,9.999999999999996,0.0,-0.07283913697753731,0.04589745328929364,-1.586997355134915,-0.03200403526100916,-2.2759360306754184,0.26987714126411677,3.7053897759400987,0.03370284527297712,-0.07296399897480656,0.04595216275725762,-1.5878251337208873,-0.032050167286233604,-2.276555948154022,0.2716136222981847,3.6817004667835596,0.030696554253046963,-0.07283913697753731,0.04589745328929364,-1.586997355134915,-0.03200403526100916,-2.2759360306754184,0.26987714126411677,3.7053897759400987,0.03370284527297712
2021-04-12,0.4907976966256416,shrunk_mv,37,0.19069710787033448,0.10179405645977309,1.8733619083712814,-0.04510492303352256,4.227855742678154,0.5000405377148761,1.9998378622858803,0.31376687675812664,0.1929628741392314,0.06309582766497551,3.0582509379831,-0.021099471308789666,9.14538906284569,0.10000000000000003,9.999999999999996,0.0,0.11056041942810586,0.03265306882931183,3.385912056414697,-0.008304696546870731,13.312999313595126,0.2704353464160173,3.6977414870232073,0.04143474006250593,0.11066733246745135,0.032687904269832015,3.385574417800388,-0.008314926250895256,13.309478536329285,0.2715819181831644,3.682130263641355,0.0436046117720017,0.11056041942810586,0.03265306882931183,3.385912056414697,-0.008304696546870731,13.312999313595126,0.2704353464160173,3.6977414870232073,0.04143474006250593
2021-07-12,0.2396133477876444,shrunk_mv,38,-0.018818663696821326,0.08643009884128258,-0.2177327568649355,-0.046632667833244566,-0.40355108492003205,0.5367512357235786,1.8630604523004577,0.26216667556762785,-0.008413106107225742,0.06127184085137208,-0.13730787243088594,-0.02622022410529602,-0.32086324180297315,0.10000000000000003,9.999999999999996,0.0,-0.00803373439710134,0.03171382660203699,-0.25331961664270847,-0.014437558631994153,-0.556446875948839,0.2699067760523366,3.7049829375387517,0.017470949634062316,-0.00815795368223328,0.031755442464980334,-0.2568993863407764,-0.014474010834985599,-0.5636277169638719,0.27127127385083866,3.6863468284144987,0.016124981596117367,-0.00803373439710134,0.03171382660203699,-0.25331961664270847,-0.014437558631994153,-0.556446875948839,0.2699067760523366,3.7049829375387517,0.017470949634062316
2021-10-08,-0.12827260116795433,shrunk_mv,39,0.22118303507420112,0.1164146562712409,1.8999586663628902,-0.036201572134483766,6.109763251511209,0.7153076816742667,1.3979998057051135,0.7288506014583801,0.05979280121814593,0.07332171820974803,0.8154855434115639,-0.03803814993616719,1.5719166499550001,0.10000000000000003,9.999999999999996,0.0,-0.026911275467426988,0.041385232085505104,-0.6502627655156362,-0.019826057604546112,-1.357368973913212,0.2685259984180416,3.7240341936768404,0.015548757577158987,-0.02689185570139901,0.04141114095773721,-0.6493869784665899,-0.019813397857076077,-1.3572561301894497,0.26977046806139227,3.706854968915381,0.01606584663063034,-0.026911275467426988,0.041385232085505104,-0.6502627655156362,-0.019826057604546112,-1.357368973913212,0.2685259984180416,3.7240341936768404,0.015548757577158987
2022-01-07,-0.040730617961813764,shrunk_mv,40,-0.14350781842251636,0.145112832520663,-0.9889395440067776,-0.08073565942845196,-1.777502276422145,0.5785911317884453,1.7283362033375194,0.25970854295043333,-0.0435020289576826,0.09295113972046318,-0.46800963483082103,-0.04190812098350061,-1.0380333915426445,0.10000000000000003,9.999999999999996,0.0,-0.20331523748192815,0.07408865656303124,-2.7442154698669268,-0.05253368482259556,-3.8701880168603573,0.2712172588018664,3.6870809933616155,0.03234871978409384,-0.20328774352606224,0.07408755265200323,-2.7438852580395716,-0.05253000467267227,-3.8699357594350037,0.2712138507113565,3.6871273254560486,0.025386896524970153,-0.20331523748192815,0.07408865656303124,-2.7442154698669268,-0.05253368482259556,-3.8701880168603573,0.2712172588018664,3.6870809933616155,0.03234871978409384
2022-04-08,0.5276571097844976,shrunk_mv,41,-0.04446668694993522,0.2867056267903904,-0.1550952712289971,-0.16761012875796558,-0.26529832820632543,0.7297559286031738,1.3703211728805005,1.677873039149919,-0.3415595336924928,0.13620293397422295,-2.5077252282769074,-0.09272739615384165,-3.6834802642988067,0.10000000000000003,9.999999999999996,0.0,-0.1607532323023202,0.08444905294761663,-1.9035528131030042,-0.05727280456128301,-2.8067986810443535,0.31559651207086714,3.1686028259255608,0.7675396382978459,-0.1607585934234831,0.08445712755738101,-1.903434299423244,-0.05727883331034893,-2.8065968549404414,0.3152703619080823,3.1718807754328395,0.7667378243629568,-0.1607532323023202,0.08444905294761663,-1.9035528131030042,-0.05727280456128301,-2.8067986810443535,0.31559651207086714,3.1686028259255608,0.7675396382978459
2022-07-12,1.4755348787548657,equal_weight,42,-0.027741447847922082,0.2852025588382913,-0.09726928103632958,-0.15011508087693345,-0.1848012050878814,0.9999684155113695,1.0000315854862418,0.3221234758660735,-0.2398478487949785,0.135603591079265,-1.7687426039829515,-0.11994308887434857,-1.9996804404982533,0.10000000000000003,9.999999999999996,0.0,-0.1953001390683274,0.09052651206881951,-2.1573805795130774,-0.08693150938358642,-2.2465978153739745,0.4145114026248139,2.4124788695020016,0.3513690309789559,-0.19530329325471701,0.0905265124512169,-2.157415413080918,-0.08693196773348671,-2.246622253547414,0.4145113840288101,2.412478977731758,0.35215765387394027,-0.24431433987076775,0.135603591079265,-1.8016804564412865,-0.12042851570785755,-2.0287083871683644,0.10000000000000003,9.999999999999996,1.1166227689473163
2022-10-10,2.0308225707557797,equal_weight,43,-0.44885943501834924,0.23688066942877717,-1.8948757452465224,-0.1401760954658652,-3.202111126912168,1.0,1.0,3.158476574331226e-05,0.26522840096614403,0.13958776615445806,1.9000834261697463,-0.031844592570158016,8.328836375651829,0.10000000000000003,9.999999999999996,0.0,0.1631351259771334,0.08480736383851668,1.923596237323944,-0.02397740081715526,6.803703504860881,0.4693424496932444,2.130640432489296,0.1561601736733679,0.1631372809685091,0.08480677177177859,1.9236350772497721,-0.023977407696832476,6.803791428631389,0.4693138097835557,2.1307704549780735,0.15606203260122647,0.26522840096614403,0.13958776615445806,1.9000834261697463,-0.031844592570158016,8.328836375651829,0.10000000000000003,9.999999999999996,0.0
2023-01-10,1.636509286964816,equal_weight,44,0.11504886110364132,0.19920752010298257,0.5775327208740189,-0.12785211084584572,0.8998589099741844,0.9733490899468378,1.0273806287265526,0.027015837799157463,0.09562332244017327,0.08163747097330809,1.1713165694640142,-0.051301029306001104,1.8639649873260422,0.10000000000000003,9.999999999999996,0.0,0.055155827937112524,0.07258137268097303,0.7599171233581732,-0.03642246691326935,1.514335315849193,0.49199865718583613,2.0325258725701834,0.11546085882784836,0.05515640789060233,0.07258246212266263,0.7599137074929936,-0.03642443616049946,1.5142693670689347,0.4921140693952191,2.032049197920605,0.1156539923712895,0.09562332244017327,0.08163747097330809,1.1713165694640142,-0.051301029306001104,1.8639649873260422,0.10000000000000003,9.999999999999996,0.0
2023-04-12,0.1714386744877688,shrunk_mv,45,-0.10481562413718284,0.16313006806767344,-0.6425279249788627,-0.0947041685605781,-1.1067688543206722,0.6499664158618583,1.538541031653144,0.4523387618940734,0.042868145114281664,0.07276882126042553,0.5891004467540414,-0.0341452336843317,1.255464979697962,0.10000000000000003,9.999999999999996,0.0,-0.04167806677841397,0.05716189216305228,-0.7291232882831933,-0.026467698696777415,-1.5746766372056555,0.45458010119141967,2.199832323014308,0.06370704456425294,-0.04167873492474035,0.05716189134902788,-0.72913498733364,-0.026467846075964637,-1.5746931127345745,0.4545800614369442,2.1998325153966576,0.06387497518999607,-0.046574962745424615,0.05716189216305228,-0.8147904308795654,-0.02754594059663361,-1.6908103966185328,0.45458010119141967,2.199832323014308,1.2879310363169063
2023-07-13,0.3267159321415875,shrunk_mv,46,0.04183300736476428,0.09599380080196686,0.43578863442510074,-0.06239986021081419,0.6704022608934375,0.40422288107217375,2.4738827187307355,0.5826008971565675,-0.14564231628243723,0.07624941134658442,-1.9100779102468608,-0.06539715106543613,-2.227043745937925,0.10000000000000003,9.999999999999996,0.0,-0.1157989264967471,0.0623179573910225,-1.8581951550521945,-0.04614384725728021,-2.509520410188105,0.42221255061504026,2.368475305964478,0.07058815225416398,-0.1157978284341224,0.06231798059563547,-1.8581768428201038,-0.0461435212271976,-2.509514344689187,0.4222254700489471,2.368402834353109,0.07055307506692671,-0.1157989264967471,0.0623179573910225,-1.8581951550521945,-0.04614384725728021,-2.509520410188105,0.42221255061504026,2.368475305964478,0.07058815225416398
2023-10-11,0.7984171598022368,shrunk_mv,47,-0.0152893085791227,0.13640654339030137,-0.11208632811239305,-0.07020525153632429,-0.21778012676461947,0.443642311790965,2.2540681387287944,0.101127371105972,0.2413637893562518,0.08413488443890796,2.8687718651531626,-0.020945063291205424,11.523660062540728,0.10000000000000003,9.999999999999996,0.0,0.19178759231529033,0.06952959982515376,2.758358926235431,-0.01825180600058369,10.507869320392567,0.40751539566699463,2.453895019998607,0.040443352054688034,0.1917884538908921,0.069530481409249,2.758336344056727,-0.018252379497053824,10.507586362745158,0.40755946444089003,2.453629684129281,0.04034360309758185,0.19178759231529033,0.06952959982515376,2.758358926235431,-0.01825180600058369,10.507869320392567,0.40751539566699463,2.453895019998607,0.040443352054688034
2024-01-11,0.9829956256244277,shrunk_mv,48,0.5907656267318039,0.09874341829415846,5.982835483494223,-0.022333130329910897,26.45243268654497,0.6452883835237523,1.549694718722906,0.7922795039601609,0.1533253390076173,0.06865298304435952,2.2333383373676203,-0.01678687102964285,9.133646093835475,0.10000000000000003,9.999999999999996,0.0,-0.015280571919491654,0.053035105279655166,-0.2881218362614139,-0.020352699729385523,-0.750788451786047,0.3722555159093115,2.686326883719351,0.12265092946291124,-0.015281776623549776,0.05303547680987348,-0.28814253293759035,-0.02035283361478233,-0.7508427039098169,0.37226271267611105,2.686274950319977,0.12275874446603136,-0.015280571919491654,0.053035105279655166,-0.2881218362614139,-0.020352699729385523,-0.750788451786047,0.3722555159093115,2.686326883719351,0.12265092946291124
2024-04-12,0.5669250606428956,shrunk_mv,49,0.11915407345658764,0.13930694237015043,0.8553347839620592,-0.044103465307613846,2.7016941327741284,0.6473872633061664,1.5446704880986728,0.2913728938424929,0.1687713351504544,0.06983688348951342,2.416650439102094,-0.01913451939694726,8.820254726511727,0.10000000000000003,9.999999999999996,0.0,0.12452070901908717,0.045522027060523766,2.7353946443011155,-0.010569141665169979,11.781534675558213,0.36584005869180153,2.7334349430619365,0.12954285796794396,0.12452158574428636,0.045522229156708116,2.735401759778211,-0.0105693018270215,11.781439094296106,0.36582951408954795,2.733513731085184,0.12963756905139237,0.12452070901908717,0.045522027060523766,2.7353946443011155,-0.010569141665169979,11.781534675558213,0.36584005869180153,2.7334349430619365,0.12954285796794396
2024-07-15,0.5769488396204956,shrunk_mv,50,0.1546290927730065,0.1456328912441444,1.0617731437727245,-0.07637794563303188,2.0245254240791284,0.7338017722550156,1.3627658555892304,1.2267468514172983,0.12706960399695072,0.0772674211746215,1.6445430954629394,-0.028566799925301617,4.448156752916701,0.10000000000000003,9.999999999999996,0.0,0.08024454087068839,0.03810253997376637,2.1060155287793627,-0.011233305765060115,7.143448469130045,0.31599546611137425,3.164602366945179,0.29000108472654496,0.08024538339351614,0.038102671588622766,2.1060303660564563,-0.011233337835266062,7.143503077205861,0.3159941132280264,3.1646159157350633,0.28995376790237937,0.08024454087068839,0.03810253997376637,2.1060155287793627,-0.011233305765060115,7.143448469130045,0.31599546611137425,3.164602366945179,0.29000108472654496
